-- MySQL dump 10.13  Distrib 8.0.34, for macos13 (arm64)
--
-- Host: localhost    Database: watches
-- ------------------------------------------------------
-- Server version	8.0.34

/*!40101 SET @OLD_CHARACTER_SET_CLIENT=@@CHARACTER_SET_CLIENT */;
/*!40101 SET @OLD_CHARACTER_SET_RESULTS=@@CHARACTER_SET_RESULTS */;
/*!40101 SET @OLD_COLLATION_CONNECTION=@@COLLATION_CONNECTION */;
/*!50503 SET NAMES utf8 */;
/*!40103 SET @OLD_TIME_ZONE=@@TIME_ZONE */;
/*!40103 SET TIME_ZONE='+00:00' */;
/*!40014 SET @OLD_UNIQUE_CHECKS=@@UNIQUE_CHECKS, UNIQUE_CHECKS=0 */;
/*!40014 SET @OLD_FOREIGN_KEY_CHECKS=@@FOREIGN_KEY_CHECKS, FOREIGN_KEY_CHECKS=0 */;
/*!40101 SET @OLD_SQL_MODE=@@SQL_MODE, SQL_MODE='NO_AUTO_VALUE_ON_ZERO' */;
/*!40111 SET @OLD_SQL_NOTES=@@SQL_NOTES, SQL_NOTES=0 */;

--
-- Temporary view structure for view `allbandwidthscount`
--

DROP TABLE IF EXISTS `allbandwidthscount`;
/*!50001 DROP VIEW IF EXISTS `allbandwidthscount`*/;
SET @saved_cs_client     = @@character_set_client;
/*!50503 SET character_set_client = utf8mb4 */;
/*!50001 CREATE VIEW `allbandwidthscount` AS SELECT 
 1 AS `width`,
 1 AS `watch_count`*/;
SET character_set_client = @saved_cs_client;

--
-- Temporary view structure for view `allbrandscount`
--

DROP TABLE IF EXISTS `allbrandscount`;
/*!50001 DROP VIEW IF EXISTS `allbrandscount`*/;
SET @saved_cs_client     = @@character_set_client;
/*!50503 SET character_set_client = utf8mb4 */;
/*!50001 CREATE VIEW `allbrandscount` AS SELECT 
 1 AS `id`,
 1 AS `brand`,
 1 AS `watch_count`*/;
SET character_set_client = @saved_cs_client;

--
-- Temporary view structure for view `allbrandsview`
--

DROP TABLE IF EXISTS `allbrandsview`;
/*!50001 DROP VIEW IF EXISTS `allbrandsview`*/;
SET @saved_cs_client     = @@character_set_client;
/*!50503 SET character_set_client = utf8mb4 */;
/*!50001 CREATE VIEW `allbrandsview` AS SELECT 
 1 AS `brand`,
 1 AS `description`*/;
SET character_set_client = @saved_cs_client;

--
-- Temporary view structure for view `allcasematerialcount`
--

DROP TABLE IF EXISTS `allcasematerialcount`;
/*!50001 DROP VIEW IF EXISTS `allcasematerialcount`*/;
SET @saved_cs_client     = @@character_set_client;
/*!50503 SET character_set_client = utf8mb4 */;
/*!50001 CREATE VIEW `allcasematerialcount` AS SELECT 
 1 AS `material`,
 1 AS `watch_count`*/;
SET character_set_client = @saved_cs_client;

--
-- Temporary view structure for view `alldatescount`
--

DROP TABLE IF EXISTS `alldatescount`;
/*!50001 DROP VIEW IF EXISTS `alldatescount`*/;
SET @saved_cs_client     = @@character_set_client;
/*!50503 SET character_set_client = utf8mb4 */;
/*!50001 CREATE VIEW `alldatescount` AS SELECT 
 1 AS `date`,
 1 AS `watch_count`*/;
SET character_set_client = @saved_cs_client;

--
-- Temporary view structure for view `alldialcolorscount`
--

DROP TABLE IF EXISTS `alldialcolorscount`;
/*!50001 DROP VIEW IF EXISTS `alldialcolorscount`*/;
SET @saved_cs_client     = @@character_set_client;
/*!50503 SET character_set_client = utf8mb4 */;
/*!50001 CREATE VIEW `alldialcolorscount` AS SELECT 
 1 AS `color`,
 1 AS `watch_count`*/;
SET character_set_client = @saved_cs_client;

--
-- Temporary view structure for view `alldialmaterialcount`
--

DROP TABLE IF EXISTS `alldialmaterialcount`;
/*!50001 DROP VIEW IF EXISTS `alldialmaterialcount`*/;
SET @saved_cs_client     = @@character_set_client;
/*!50503 SET character_set_client = utf8mb4 */;
/*!50001 CREATE VIEW `alldialmaterialcount` AS SELECT 
 1 AS `material`,
 1 AS `watch_count`*/;
SET character_set_client = @saved_cs_client;

--
-- Temporary view structure for view `allfavouriteview`
--

DROP TABLE IF EXISTS `allfavouriteview`;
/*!50001 DROP VIEW IF EXISTS `allfavouriteview`*/;
SET @saved_cs_client     = @@character_set_client;
/*!50503 SET character_set_client = utf8mb4 */;
/*!50001 CREATE VIEW `allfavouriteview` AS SELECT 
 1 AS `id`,
 1 AS `product`,
 1 AS `userId`*/;
SET character_set_client = @saved_cs_client;

--
-- Temporary view structure for view `allmovementscount`
--

DROP TABLE IF EXISTS `allmovementscount`;
/*!50001 DROP VIEW IF EXISTS `allmovementscount`*/;
SET @saved_cs_client     = @@character_set_client;
/*!50503 SET character_set_client = utf8mb4 */;
/*!50001 CREATE VIEW `allmovementscount` AS SELECT 
 1 AS `movement`,
 1 AS `watch_count`*/;
SET character_set_client = @saved_cs_client;

--
-- Temporary view structure for view `allorderconnbaseview`
--

DROP TABLE IF EXISTS `allorderconnbaseview`;
/*!50001 DROP VIEW IF EXISTS `allorderconnbaseview`*/;
SET @saved_cs_client     = @@character_set_client;
/*!50503 SET character_set_client = utf8mb4 */;
/*!50001 CREATE VIEW `allorderconnbaseview` AS SELECT 
 1 AS `orderId`,
 1 AS `product`,
 1 AS `quantity`*/;
SET character_set_client = @saved_cs_client;

--
-- Temporary view structure for view `allordersview`
--

DROP TABLE IF EXISTS `allordersview`;
/*!50001 DROP VIEW IF EXISTS `allordersview`*/;
SET @saved_cs_client     = @@character_set_client;
/*!50503 SET character_set_client = utf8mb4 */;
/*!50001 CREATE VIEW `allordersview` AS SELECT 
 1 AS `id`,
 1 AS `user`,
 1 AS `address`,
 1 AS `orderDate`,
 1 AS `shippingDate`,
 1 AS `status`,
 1 AS `payment`*/;
SET character_set_client = @saved_cs_client;

--
-- Temporary view structure for view `allstrapmaterialcount`
--

DROP TABLE IF EXISTS `allstrapmaterialcount`;
/*!50001 DROP VIEW IF EXISTS `allstrapmaterialcount`*/;
SET @saved_cs_client     = @@character_set_client;
/*!50503 SET character_set_client = utf8mb4 */;
/*!50001 CREATE VIEW `allstrapmaterialcount` AS SELECT 
 1 AS `material`,
 1 AS `watch_count`*/;
SET character_set_client = @saved_cs_client;

--
-- Temporary view structure for view `alltablesview`
--

DROP TABLE IF EXISTS `alltablesview`;
/*!50001 DROP VIEW IF EXISTS `alltablesview`*/;
SET @saved_cs_client     = @@character_set_client;
/*!50503 SET character_set_client = utf8mb4 */;
/*!50001 CREATE VIEW `alltablesview` AS SELECT 
 1 AS `id`,
 1 AS `watchName`,
 1 AS `brand`,
 1 AS `price`,
 1 AS `dialColor`,
 1 AS `date`,
 1 AS `box`,
 1 AS `paper`,
 1 AS `caseMaterial`,
 1 AS `strapMaterial`,
 1 AS `movement`,
 1 AS `caseDiameter`,
 1 AS `caseThickness`,
 1 AS `bandWidth`,
 1 AS `dialMaterial`,
 1 AS `resistance`,
 1 AS `quantity`,
 1 AS `description`*/;
SET character_set_client = @saved_cs_client;

--
-- Temporary view structure for view `allusersview`
--

DROP TABLE IF EXISTS `allusersview`;
/*!50001 DROP VIEW IF EXISTS `allusersview`*/;
SET @saved_cs_client     = @@character_set_client;
/*!50503 SET character_set_client = utf8mb4 */;
/*!50001 CREATE VIEW `allusersview` AS SELECT 
 1 AS `id`,
 1 AS `name`,
 1 AS `email`,
 1 AS `password`,
 1 AS `phone`,
 1 AS `verification`,
 1 AS `address`,
 1 AS `role`,
 1 AS `newsletter`*/;
SET character_set_client = @saved_cs_client;

--
-- Temporary view structure for view `allwaterresistancescount`
--

DROP TABLE IF EXISTS `allwaterresistancescount`;
/*!50001 DROP VIEW IF EXISTS `allwaterresistancescount`*/;
SET @saved_cs_client     = @@character_set_client;
/*!50503 SET character_set_client = utf8mb4 */;
/*!50001 CREATE VIEW `allwaterresistancescount` AS SELECT 
 1 AS `resistance`,
 1 AS `watch_count`*/;
SET character_set_client = @saved_cs_client;

--
-- Table structure for table `bandwidth`
--

DROP TABLE IF EXISTS `bandwidth`;
/*!40101 SET @saved_cs_client     = @@character_set_client */;
/*!50503 SET character_set_client = utf8mb4 */;
CREATE TABLE `bandwidth` (
  `id` int NOT NULL AUTO_INCREMENT,
  `bandWidth` int NOT NULL,
  PRIMARY KEY (`id`)
) ENGINE=InnoDB AUTO_INCREMENT=15 DEFAULT CHARSET=utf8mb4 COLLATE=utf8mb4_0900_ai_ci;
/*!40101 SET character_set_client = @saved_cs_client */;

--
-- Dumping data for table `bandwidth`
--

LOCK TABLES `bandwidth` WRITE;
/*!40000 ALTER TABLE `bandwidth` DISABLE KEYS */;
INSERT INTO `bandwidth` VALUES (1,15),(2,16),(3,17),(4,18),(5,19),(6,20),(7,21),(8,22),(9,22),(10,23),(11,24),(12,25),(13,26),(14,28);
/*!40000 ALTER TABLE `bandwidth` ENABLE KEYS */;
UNLOCK TABLES;

--
-- Table structure for table `base`
--

DROP TABLE IF EXISTS `base`;
/*!40101 SET @saved_cs_client     = @@character_set_client */;
/*!50503 SET character_set_client = utf8mb4 */;
CREATE TABLE `base` (
  `id` int NOT NULL AUTO_INCREMENT,
  `brandId` int NOT NULL,
  `model` varchar(45) NOT NULL,
  `price` int NOT NULL,
  `dialColorId` int NOT NULL,
  `dateId` int NOT NULL,
  `box` int NOT NULL,
  `paper` int NOT NULL,
  `caseMaterialId` int NOT NULL,
  `strapMaterialId` int NOT NULL,
  `movementId` int NOT NULL,
  `waterResistanceId` int NOT NULL,
  `caseDiameter` double NOT NULL,
  `caseThickness` double NOT NULL,
  `bandWidthId` int NOT NULL,
  `dialMaterialId` int NOT NULL,
  `quantity` int DEFAULT NULL,
  `caseDiameterId` int NOT NULL,
  `country` varchar(45) DEFAULT NULL,
  PRIMARY KEY (`id`),
  KEY `brandId_idx` (`brandId`),
  KEY `dialColorId_idx` (`dialColorId`),
  KEY `dateId_idx` (`dateId`),
  KEY `caseMaterialId_idx` (`caseMaterialId`),
  KEY `strapMaterialId_idx` (`strapMaterialId`),
  KEY `waterResistanceId_idx` (`waterResistanceId`),
  KEY `bandWidthId_idx` (`bandWidthId`),
  KEY `dialMaterialId_idx` (`dialMaterialId`),
  KEY `movementId_idx` (`movementId`),
  CONSTRAINT `bandWidthId` FOREIGN KEY (`bandWidthId`) REFERENCES `bandwidth` (`id`),
  CONSTRAINT `brandId` FOREIGN KEY (`brandId`) REFERENCES `brand` (`brandId`),
  CONSTRAINT `caseMaterialId` FOREIGN KEY (`caseMaterialId`) REFERENCES `casematerial` (`id`),
  CONSTRAINT `dateId` FOREIGN KEY (`dateId`) REFERENCES `date` (`id`),
  CONSTRAINT `dialColorId` FOREIGN KEY (`dialColorId`) REFERENCES `dialcolor` (`id`),
  CONSTRAINT `dialMaterialId` FOREIGN KEY (`dialMaterialId`) REFERENCES `dialmaterial` (`id`),
  CONSTRAINT `movementId` FOREIGN KEY (`movementId`) REFERENCES `movement` (`id`),
  CONSTRAINT `strapMaterialId` FOREIGN KEY (`strapMaterialId`) REFERENCES `strapmaterial` (`id`),
  CONSTRAINT `waterResistanceId` FOREIGN KEY (`waterResistanceId`) REFERENCES `waterresistance` (`id`)
) ENGINE=InnoDB AUTO_INCREMENT=622 DEFAULT CHARSET=utf8mb4 COLLATE=utf8mb4_0900_ai_ci;
/*!40101 SET character_set_client = @saved_cs_client */;

--
-- Dumping data for table `base`
--

LOCK TABLES `base` WRITE;
/*!40000 ALTER TABLE `base` DISABLE KEYS */;
INSERT INTO `base` VALUES (1,1,'Submariner',9500,1,17,1,1,1,1,1,8,40,13,6,4,20,12,NULL),(2,2,'Seamaster',5800,2,29,0,0,2,2,1,10,43.5,14.47,7,4,21,30,NULL),(3,3,'Carrera',4200,3,24,1,1,1,3,1,4,41,13,6,4,22,22,NULL),(4,4,'Navitimer',7900,1,10,1,1,1,1,1,1,43,14.25,9,4,23,29,NULL),(5,5,'Tank Solo',2800,5,28,1,1,1,3,2,1,31,6.05,6,4,24,3,NULL),(6,6,'Reverso',5500,1,7,1,1,1,3,3,1,42.9,9.2,6,4,25,28,NULL),(7,7,'Prospex',1400,1,11,1,1,1,1,1,7,44.3,12.9,6,4,26,33,NULL),(8,8,'Promaster',1200,1,24,0,1,1,1,4,7,42,13,9,3,27,24,NULL),(9,9,'Le Locle',650,3,22,0,1,1,3,1,1,39.3,9.75,5,4,28,14,NULL),(10,10,'Khaki Field',495,1,12,1,0,1,3,1,4,38,9.8,6,4,29,11,NULL),(11,11,'Master Collection',1150,5,6,0,0,1,3,1,1,38.5,9.7,6,4,30,12,NULL),(12,12,'Big Crown ProPilot',1800,1,29,1,1,1,4,1,4,41,12,6,4,31,22,NULL),(13,13,'Aviation',4500,1,22,1,0,1,2,1,4,42,11.5,11,4,32,24,NULL),(14,14,'104',1400,1,28,0,1,1,3,1,7,41,11.5,6,4,33,22,NULL),(15,15,'Classique',16000,5,5,1,1,3,3,3,1,38,8.65,6,4,34,0,NULL),(16,16,'Royal Oak',22000,5,12,0,1,1,1,1,2,41,9.8,6,4,35,22,NULL),(17,17,'Overseas',19000,2,14,0,1,1,2,1,6,41,11,9,4,36,22,NULL),(18,2,'Speedmaster',4500,1,15,1,1,1,1,1,2,42,14.5,6,4,37,24,NULL),(19,4,'Superocean',3200,2,5,1,0,1,2,1,9,42,13.3,6,4,38,24,NULL),(20,18,'Luminor Base Logo',3900,1,26,1,0,1,3,3,4,44,10.5,9,4,39,32,NULL),(21,19,'Black Bay',3500,1,30,0,1,1,3,1,7,41,11.9,9,4,40,22,NULL),(22,1,'GMT-Master II',14000,1,26,0,1,1,1,1,4,40,12.5,6,4,41,17,NULL),(23,20,'Pilot\'s Watch',4800,1,14,0,0,1,3,1,3,41,12.5,6,4,42,22,NULL),(24,6,'Master Ultra Thin',7500,3,19,1,0,1,3,1,2,39,7.58,6,4,43,13,NULL),(25,13,'BR 03-92',200,1,13,0,0,4,2,1,4,42,9.3,9,4,44,24,NULL),(26,21,'1858 Geosphere',6200,1,13,1,0,1,3,1,4,42,11.2,9,4,45,24,NULL),(27,5,'Santos-Dumont',3500,5,8,1,1,1,3,2,1,38,7.5,4,4,46,11,NULL),(28,16,'Royal Oak',21000,1,7,0,0,1,1,1,2,41,10.4,6,4,47,22,NULL),(29,1,'Datejust',9000,5,4,0,1,1,5,1,4,36,12,6,4,48,8,NULL),(30,2,'Speedmaster Moonwatch',5250,1,21,1,0,1,1,3,2,42,14.3,6,2,49,24,NULL),(31,20,'Portugieser',8800,5,5,0,1,1,6,1,1,40.4,12.3,6,4,50,18,NULL),(32,16,'Royal Oak',17800,1,4,1,1,1,1,1,2,41,10.4,6,4,51,22,NULL),(33,22,'Fifty Fathoms',11500,1,22,1,0,1,7,1,8,45,15.4,10,4,52,35,NULL),(34,23,'El Primero',6500,5,16,0,0,1,6,1,4,42,12.75,6,4,53,24,NULL),(35,15,'Classique',23500,5,27,0,0,5,3,1,1,39,8.65,6,4,54,13,NULL),(36,24,'Polo S',10000,2,16,0,0,1,1,1,4,42,9.4,11,4,55,24,NULL),(37,25,'Marine',9500,2,17,1,0,1,2,1,4,44,12.5,9,4,56,32,NULL),(38,17,'Overseas',21500,5,3,1,1,1,1,1,6,41,11,6,4,57,22,NULL),(39,26,'Grande Seconde',9800,1,6,0,1,1,3,1,1,43,12.27,10,4,58,29,NULL),(40,16,'Royal Oak',19900,2,11,0,0,1,1,1,2,41,10.4,6,4,59,22,NULL),(41,22,'Fifty Fathoms',14400,1,22,0,0,1,7,1,8,45,15.5,9,4,60,35,NULL),(42,15,'Type XXI',9500,5,4,0,0,1,3,1,4,42,13.85,9,4,61,24,NULL),(43,27,'Octo Finissimo',12800,1,28,1,0,2,3,1,4,40,5.15,14,4,62,17,NULL),(44,28,'Mille Miglia',6500,1,10,1,1,1,3,1,2,44,13.7,6,4,63,32,NULL),(45,29,'Laureato',7800,2,3,1,0,1,1,1,4,42,10.88,6,4,64,24,NULL),(46,30,'Senator',9200,5,17,1,1,1,3,1,2,42,12.2,7,4,65,24,NULL),(47,31,'Classic Fusion',6500,1,3,1,0,2,2,1,2,42,9.3,6,4,66,24,NULL),(48,20,'Portugieser',8400,5,12,0,1,1,3,1,1,41,12.3,9,4,67,22,NULL),(49,26,'Grande Seconde',6200,4,5,1,1,1,3,1,1,43,12.13,10,4,68,29,NULL),(50,11,'Master Collection',1600,2,16,1,0,1,3,1,1,38.5,9.3,6,4,69,12,NULL),(51,32,'Nautilus',29800,2,23,0,1,1,1,1,5,40.5,8.3,6,4,70,19,NULL),(52,16,'Royal Oak',24500,2,6,1,0,1,1,1,2,41,9.8,6,4,71,22,NULL),(53,20,'Portugieser',7950,5,30,0,1,1,3,1,1,41,12.3,9,4,72,22,NULL),(54,31,'Classic Fusion',8200,1,7,0,1,2,2,1,2,42,10.5,9,4,73,24,NULL),(55,22,'Fifty Fathoms',11500,1,17,1,1,1,7,1,8,45,15.4,10,4,74,35,NULL),(56,23,'Chronomaster',9400,5,2,0,1,1,3,1,4,42,13.1,9,4,75,24,NULL),(57,29,'Laureato',6700,2,23,1,1,1,1,1,4,38,10.88,12,4,76,11,NULL),(58,28,'Mille Miglia',6100,1,12,1,0,1,3,1,2,42,11.43,6,4,77,24,NULL),(59,17,'Overseas',16300,2,2,0,0,1,1,1,6,41,11,9,4,78,22,NULL),(60,21,'1858',3600,1,30,1,1,1,3,1,4,42,12.8,9,4,79,24,NULL),(61,25,'Marine',9500,1,8,1,1,1,2,1,8,44,12.5,9,4,80,32,NULL),(62,1,'Datejust',8900,5,29,0,0,1,1,1,4,41,11.2,6,4,81,22,NULL),(63,32,'Nautilus',44500,2,5,0,1,1,1,1,5,40.8,8.3,6,4,82,20,NULL),(64,16,'Royal Oak',17000,2,3,0,1,1,1,1,2,41,10.4,6,4,83,22,NULL),(65,19,'Black Bay',4500,1,4,1,0,1,8,1,7,41,12.7,9,4,84,22,NULL),(66,20,'Portugieser',8300,5,15,1,0,1,3,1,1,41,12.3,9,4,85,22,NULL),(67,18,'Luminor Marina',8900,1,25,1,1,1,3,1,8,44,13.05,11,4,86,32,NULL),(68,22,'Fifty Fathoms',12000,1,11,1,0,1,8,1,8,43.6,13.83,10,4,87,31,NULL),(69,31,'Classic Fusion',7500,2,29,1,0,2,2,1,2,45,10.95,11,4,88,35,NULL),(70,23,'Chronomaster',6900,5,5,0,1,1,3,1,2,42,14.05,9,4,89,24,NULL),(71,17,'Overseas',15500,2,9,0,1,1,1,1,2,41,11,6,4,90,22,NULL),(72,29,'Laureato',11200,1,15,0,1,1,1,1,4,42,10.88,9,4,91,24,NULL),(73,16,'Royal Oak',18900,2,6,1,0,1,1,1,2,39,9.4,6,4,92,13,NULL),(74,32,'Nautilus',49800,2,27,0,0,1,1,1,5,40.5,8.3,6,4,93,19,NULL),(75,20,'Pilot\'s Watch',5500,1,28,1,1,1,3,1,3,41,12.5,6,4,94,22,NULL),(76,18,'Luminor',9600,1,27,1,1,2,2,1,8,44,15.65,11,4,95,32,NULL),(77,15,'Type XX',8800,1,26,0,0,1,3,1,4,39.5,14.1,6,4,96,15,NULL),(78,22,'Fifty Fathoms',14700,1,12,1,0,1,2,1,8,43,13.4,10,4,97,29,NULL),(79,29,'Laureato',10600,2,26,0,1,1,1,1,4,42,10.88,9,4,98,24,NULL),(80,17,'Overseas',19200,1,13,0,1,1,1,1,6,41,11,6,4,99,22,NULL),(81,23,'El Primero',7500,5,2,1,1,1,3,1,4,38,12.15,5,4,100,11,NULL),(82,28,'Mille Miglia',5600,1,11,0,1,1,3,1,2,42,12.67,6,4,101,24,NULL),(83,11,'HydroConquest',1400,2,15,0,0,1,1,1,8,43,12.75,9,4,102,29,NULL),(84,1,'Submariner',9500,1,9,1,1,1,1,1,8,40,13,6,4,103,17,NULL),(85,2,'Seamaster',5800,2,24,0,0,2,2,1,10,43.5,14.47,7,4,104,30,NULL),(86,3,'Carrera',4200,3,11,0,1,1,3,1,4,41,13,6,4,105,22,NULL),(87,4,'Navitimer',7900,1,8,1,0,1,1,1,1,43,14.25,9,4,106,29,NULL),(88,5,'Tank Solo',2800,5,5,0,1,1,3,2,1,31,6.05,6,4,107,3,NULL),(89,6,'Reverso',5500,1,1,1,0,1,3,3,1,42.9,9.2,6,4,108,28,NULL),(90,19,'Black Bay',3500,1,10,0,1,1,3,1,7,41,12.75,9,4,109,22,NULL),(91,7,'Prospex',650,2,7,1,0,1,9,1,7,42.3,13.4,9,1,110,26,NULL),(92,8,'Promaster',995,1,26,0,1,2,10,4,7,46.5,15,10,4,111,37,NULL),(93,10,'Khaki Field Auto',545,1,2,1,0,1,3,1,4,38,9.85,6,4,112,11,NULL),(94,33,'Precisionist',650,1,25,0,0,1,1,2,8,46.5,17.5,11,3,113,37,NULL),(95,2,'Speedmaster',5500,1,26,1,1,1,1,3,2,42,14.3,6,2,114,24,NULL),(96,4,'Superocean Heritage',4800,1,10,1,1,1,2,1,7,42,14.35,9,4,115,24,NULL),(97,6,'Master Control',6500,5,4,1,1,1,3,1,2,40,8.8,6,4,116,17,NULL),(99,23,'Elite',4500,5,28,1,0,1,3,1,2,40.5,9.15,6,4,118,19,NULL),(100,18,'Luminor Base',5800,1,1,1,0,1,3,3,4,44,10.5,11,4,119,32,NULL),(101,16,'Royal Oak',21000,5,2,1,0,1,1,1,2,41,10.4,6,4,119,22,NULL),(102,20,'Pilot\'s Watch',3800,1,30,0,1,1,3,1,3,41,10.86,6,4,120,22,NULL),(103,19,'Black Bay',3900,1,8,0,1,1,3,1,7,41,12.7,9,4,121,22,NULL),(104,11,'Conquest VHP',1500,1,22,1,1,1,1,2,2,41,12.1,6,4,122,22,NULL),(105,14,'U1',2500,1,3,0,0,1,2,1,11,44,14.3,9,4,123,32,NULL),(106,32,'Nautilus',38000,2,30,0,0,1,1,1,5,40.8,8.3,6,4,124,20,NULL),(107,16,'Royal Oak',55000,2,26,1,0,6,11,1,2,41,9.8,6,4,125,22,NULL),(108,17,'Overseas',21000,2,3,1,1,1,1,1,6,41,11,9,4,126,0,NULL),(109,34,'Saxonia',23000,5,6,1,0,7,3,3,1,38.5,7.8,4,4,127,12,NULL),(110,15,'Classique',23000,5,5,1,0,6,3,3,1,38.5,8.25,6,4,128,12,NULL),(111,20,'Portugieser',8500,2,12,0,0,1,3,1,1,41,12.3,9,4,129,0,NULL),(112,22,'Fifty Fathoms',14000,1,28,1,0,1,8,1,8,45,15.5,10,4,130,35,NULL),(113,31,'Big Bang',16000,2,27,0,0,2,2,1,4,44,14.5,11,4,131,32,NULL),(114,18,'Luminor Marina',8500,1,22,0,1,1,3,1,8,44,15.65,11,4,132,0,NULL),(115,23,'El Primero',6000,5,8,0,1,1,3,1,4,42,12.75,6,4,133,24,NULL),(116,24,'Altiplano',16500,5,22,0,1,7,3,3,1,38,6.1,6,4,134,11,NULL),(117,7,'Prospex',1200,2,17,1,0,1,9,1,7,44.3,12.7,6,4,135,33,NULL),(118,18,'Luminor Due',6500,1,25,1,1,1,3,1,1,38,11.2,6,4,136,0,NULL),(119,20,'Portugieser',9800,2,9,0,0,1,3,1,1,41,12.3,9,4,137,22,NULL),(120,22,'Fifty Fathoms',16800,1,24,1,0,2,2,1,8,45,15.5,10,4,138,0,NULL),(121,16,'Royal Oak',19800,1,15,1,1,1,1,1,2,41,9.5,6,4,139,0,NULL),(122,32,'Nautilus',47000,2,17,0,0,1,1,1,5,40.8,8.3,6,4,140,20,NULL),(123,15,'Classique',19000,3,27,1,0,5,3,1,1,40,6.8,6,4,141,17,NULL),(124,17,'Patrimony',18500,5,30,1,1,3,3,3,1,40,6.79,6,4,142,0,NULL),(125,28,'Mille Miglia',5800,1,7,1,1,1,3,1,2,44,14.97,9,4,143,32,NULL),(126,11,'Conquest',2200,1,2,0,1,1,1,1,8,41,13.2,6,4,144,22,NULL),(127,21,'1858',3500,1,14,1,0,1,3,3,1,44,12.3,9,4,145,32,NULL),(128,1,'GMT-Master II',9500,1,7,0,1,1,1,1,4,40,12.5,6,4,146,17,NULL),(129,2,'Speedmaster',4950,1,7,0,0,1,1,1,2,42,13.7,6,2,147,24,NULL),(130,32,'Nautilus',38000,2,8,0,0,1,1,1,5,40.8,8.3,6,4,148,0,NULL),(131,16,'Royal Oak',22000,2,7,1,1,1,1,1,2,41,9.8,6,4,149,22,NULL),(132,20,'Portugieser',7500,5,1,1,1,1,3,1,1,41,12.3,9,4,150,0,NULL),(133,6,'Master Ultra Thin',8900,5,5,1,1,1,3,1,2,39,7.58,6,4,151,0,NULL),(134,22,'Fifty Fathoms',13900,1,12,1,0,1,8,1,8,45,15.4,10,4,152,35,NULL),(135,15,'Classique',20500,5,10,0,1,6,3,3,1,40,6.8,6,4,153,17,NULL),(136,25,'Marine',9500,2,9,1,0,2,2,1,8,44,14.5,9,4,154,32,NULL),(137,31,'Big Bang',16000,1,16,1,0,4,2,1,4,41,14.5,6,4,155,0,NULL),(138,23,'El Primero',5500,3,15,0,0,1,3,1,4,38,12.75,6,4,156,11,NULL),(139,1,'Datejust',8200,1,12,1,0,1,1,1,4,41,11.8,6,4,157,22,NULL),(140,2,'Speedmaster Moonwatch',5400,1,30,0,1,1,1,3,2,42,13.2,6,2,158,24,NULL),(141,5,'Ballon Bleu',6500,5,9,1,1,1,1,1,1,33,9.96,4,4,159,0,NULL),(142,4,'Superocean',3600,2,17,1,1,1,2,1,9,42,13.32,6,4,160,0,NULL),(143,32,'Calatrava',18000,3,3,1,1,6,3,3,1,36,7.45,4,4,161,0,NULL),(144,31,'Big Bang',8900,1,27,1,0,2,2,1,4,42,14.5,11,4,162,0,NULL),(145,22,'Fifty Fathoms',13500,1,16,1,0,1,7,1,8,45,15.4,10,4,163,0,NULL),(146,16,'Royal Oak',26000,2,19,1,1,1,1,1,2,41,10.4,6,4,164,0,NULL),(147,23,'El Primero',6500,1,17,0,0,1,3,1,4,42,12.75,9,4,165,0,NULL),(148,20,'Portugieser',7800,5,23,1,0,1,3,1,1,41.5,12.3,9,4,166,0,NULL),(149,6,'Master Ultra Thin',4500,5,29,0,0,1,3,1,2,38,7.58,6,4,167,0,NULL),(150,32,'Nautilus',29800,2,1,1,1,1,1,1,5,40.5,8.3,9,4,168,0,NULL),(151,16,'Royal Oak',23100,1,19,0,1,1,1,1,2,41,9.8,6,4,169,0,NULL),(152,20,'Portugieser',7950,5,29,1,1,1,3,1,1,41,12.3,9,4,170,0,NULL),(153,17,'Overseas',18900,2,26,0,0,1,2,1,6,41.5,11,9,4,171,0,NULL),(154,22,'Fifty Fathoms',12800,1,5,0,1,1,7,1,8,45,15.5,10,4,172,0,NULL),(155,31,'Big Bang',17900,1,2,1,0,4,2,1,4,44,14.5,13,4,173,0,NULL),(156,15,'Classique',15200,5,16,1,0,5,3,3,1,39,8.65,6,4,174,0,NULL),(157,25,'Marine',8400,2,29,0,0,1,3,1,4,42.2,14.2,9,4,175,0,NULL),(158,23,'Defy',9500,2,26,1,0,2,2,1,4,41,10.75,9,4,176,0,NULL),(159,29,'Laureato',9200,5,14,1,1,1,1,1,4,42,10.88,9,4,177,0,NULL),(160,18,'Luminor',7500,1,9,1,1,1,3,3,4,44,13.05,11,4,178,0,NULL),(161,7,'Prospex',1300,2,13,1,0,1,9,1,7,43,13.2,9,1,179,0,NULL),(162,9,'Le Locle',650,5,3,0,1,1,3,1,1,39.3,9.75,6,4,180,0,NULL),(163,11,'Master Collection',2500,1,24,0,1,1,3,1,1,40,10.25,6,4,181,0,NULL),(164,10,'Jazzmaster',1150,5,23,1,0,1,3,1,2,40,11.15,6,4,182,0,NULL),(165,21,'Heritage',2750,5,21,1,0,1,3,1,2,40,9.85,6,4,183,0,NULL),(166,35,'True Thinline',1600,1,13,0,0,8,3,2,1,39,5,9,4,184,0,NULL),(167,36,'Classics',1400,5,27,1,0,1,3,1,2,40,10.5,6,4,185,0,NULL),(168,23,'Elite',5500,3,24,1,1,1,3,1,2,40.5,8.15,9,4,186,0,NULL),(169,29,'Laureato',8700,1,30,1,1,1,1,1,4,38,10.88,12,4,187,0,NULL),(170,25,'Marine Torpilleur',7900,2,14,1,1,1,3,1,2,42,11.15,6,4,188,0,NULL),(171,14,'U50',3350,1,26,1,0,9,9,1,9,45,14.7,9,4,189,0,NULL),(172,1,'Datejust',8000,1,30,0,1,1,5,1,4,36,12.5,6,4,190,0,NULL),(173,2,'Speedmaster',6500,1,10,0,1,1,1,1,2,42,13.5,6,4,191,0,NULL),(174,5,'Ballon Bleu',4500,5,23,0,0,1,3,1,1,33,9.96,2,4,192,0,NULL),(175,3,'Aquaracer',1800,2,15,0,0,1,1,2,8,43,10.8,6,4,193,0,NULL),(176,4,'Superocean',3600,2,30,1,1,1,2,1,12,42,13.32,6,4,194,0,NULL),(177,20,'Portugieser',8900,2,17,0,0,1,3,1,1,41,12.3,9,4,195,0,NULL),(178,18,'Luminor Marina',5700,1,4,1,0,2,3,3,8,44,13.05,11,4,196,0,NULL),(179,32,'Nautilus',34000,2,25,0,0,1,1,1,5,40.5,8.3,9,4,197,0,NULL),(180,6,'Master Ultra Thin',6800,5,11,1,1,1,3,1,2,39,7.58,6,4,198,0,NULL),(181,13,'BR V2-92',2500,1,11,0,0,1,2,1,4,41,9.7,9,4,199,0,NULL),(182,21,'1858',5300,1,22,0,1,10,3,1,4,44,12.8,9,4,200,0,NULL),(183,32,'Nautilus',34000,2,26,0,1,1,1,1,5,40.5,8.3,9,4,201,0,NULL),(184,16,'Royal Oak',22000,1,19,0,0,1,1,1,2,41,9.8,6,4,202,0,NULL),(185,17,'Overseas',17500,2,24,0,0,1,2,1,6,41,11,7,4,203,0,NULL),(186,20,'Portugieser',8500,5,24,1,1,1,3,1,1,41,13.1,9,4,204,0,NULL),(187,31,'Big Bang',15000,1,17,0,0,4,2,1,4,44.5,14.5,9,4,205,0,NULL),(188,23,'El Primero',6000,3,22,0,0,1,3,1,4,38,12.4,5,4,206,0,NULL),(189,28,'Mille Miglia',5000,1,17,0,1,1,3,1,2,42,12.67,6,4,207,0,NULL),(190,18,'Luminor',8500,1,10,1,1,2,2,1,8,44,13.05,11,4,208,0,NULL),(191,29,'Laureato',9000,2,6,1,1,1,1,1,4,42,10.88,9,4,209,0,NULL),(192,22,'Fifty Fathoms',12500,1,30,0,0,1,12,1,8,45,15.5,10,4,210,0,NULL),(193,27,'Octo Finissimo',10000,1,21,0,1,2,3,1,1,40,5.5,7,4,211,0,NULL),(194,19,'Black Bay',3800,1,17,0,1,1,3,1,7,41,12.7,9,4,212,0,NULL),(195,18,'Luminor Marina',8900,1,20,1,0,1,3,1,8,44,13.05,9,4,213,0,NULL),(196,31,'Big Bang',16800,1,14,0,1,2,2,1,4,44,14.5,12,4,214,0,NULL),(197,20,'Portugieser',6900,5,28,0,1,1,3,1,1,40.9,12.3,6,4,215,0,NULL),(198,16,'Royal Oak',24500,2,11,1,0,1,1,1,2,41,9.8,6,4,216,0,NULL),(199,17,'Overseas',19500,5,3,0,1,1,2,1,6,41.5,11,7,4,217,0,NULL),(200,15,'Classique',24500,5,10,0,1,3,3,1,1,39,8.65,6,4,218,0,NULL),(201,24,'Altiplano',20800,3,16,0,0,5,3,3,1,38,6,6,4,219,0,NULL),(202,22,'Fifty Fathoms',13000,1,19,0,1,1,8,1,8,45,15.5,10,4,220,0,NULL),(203,29,'Laureato',9700,1,24,0,1,1,1,1,4,41,10.88,9,4,221,0,NULL),(204,23,'Chronomaster',7400,5,8,0,0,1,3,1,2,42,14.05,9,4,222,0,NULL),(205,4,'Superocean Heritage II',4300,1,24,1,0,1,2,1,7,44,14.2,9,4,223,0,NULL),(206,5,'Santos de Cartier',6500,5,22,1,0,1,1,1,4,39.8,9.08,6,4,224,0,NULL),(207,2,'Speedmaster',5500,1,27,0,1,1,3,3,2,42,13.7,6,2,225,0,NULL),(208,1,'GMT-Master II',9100,1,25,0,1,1,1,1,4,40,12.4,6,4,226,0,NULL),(209,6,'Master Control',7500,5,3,1,1,1,3,1,2,40,8.8,6,4,227,0,NULL),(210,16,'Royal Oak',20900,2,19,1,0,1,1,1,2,41,10.4,6,4,228,0,NULL),(211,20,'Pilot\'s Watch Mark XVIII',4200,1,21,0,0,1,3,1,3,40,10.8,6,4,229,0,NULL),(212,32,'Calatrava',22000,5,12,0,1,3,3,1,1,39,8.6,6,4,230,0,NULL),(213,3,'Aquaracer',1700,2,2,1,1,1,1,2,8,32,9.5,1,4,231,0,NULL),(214,19,'Black Bay',3600,1,15,0,1,1,3,1,7,41,12.7,9,4,232,0,NULL),(215,1,'Datejust',8900,5,24,1,0,1,13,1,4,36,12.5,6,4,233,0,NULL),(216,2,'Speedmaster',6800,1,19,1,0,1,1,1,2,42,13.5,6,4,234,0,NULL),(217,3,'Aquaracer',2600,2,12,1,1,1,1,2,8,43,10.8,7,4,235,0,NULL),(218,4,'Superocean Heritage',4400,1,22,1,0,1,3,1,7,42,14.35,6,4,236,0,NULL),(219,5,'Ballon Bleu',13000,5,3,1,1,5,3,1,1,33,9.96,4,4,237,0,NULL),(220,6,'Master Control',7500,5,3,0,1,1,3,1,2,39,8.5,6,4,238,0,NULL),(221,19,'Black Bay GMT',4500,1,26,0,1,1,1,1,7,41,14.5,9,4,239,0,NULL),(222,23,'El Primero',6900,3,21,1,1,1,3,1,4,38,12.45,5,4,240,0,NULL),(223,11,'HydroConquest',1800,1,1,1,0,1,1,1,8,41,12.65,6,4,241,0,NULL),(224,12,'Divers Sixty-Five',1500,2,12,1,0,1,3,1,4,40,12.9,6,4,242,0,NULL),(225,10,'Khaki Field',595,1,30,1,1,1,12,1,4,38,9.7,6,4,243,0,NULL),(226,18,'Luminor Marina',7500,1,30,0,0,1,3,1,8,42,13.2,9,4,244,0,NULL),(227,20,'Pilot\'s Watch',5400,1,26,1,1,1,3,1,3,41,15.3,9,4,245,0,NULL),(228,32,'Calatrava',25000,3,2,1,0,7,3,3,1,37,7.7,6,4,246,0,NULL),(229,31,'Big Bang',15000,1,8,0,0,11,2,1,4,44,14.5,12,4,247,0,NULL),(230,23,'Chronomaster',7500,5,7,1,1,1,3,1,2,38,12.6,6,4,248,0,NULL),(231,16,'Royal Oak',25000,2,11,0,0,1,1,1,2,41,9.8,6,4,249,0,NULL),(232,17,'Overseas',18000,2,17,1,1,1,1,1,2,41,11,9,4,250,0,NULL),(233,15,'Classique',20000,5,30,0,0,7,3,1,1,39,8.65,7,4,251,0,NULL),(234,25,'Marine',8500,2,17,1,0,1,2,1,4,42,12.8,9,4,252,0,NULL),(235,22,'Fifty Fathoms',10500,1,15,1,1,1,7,1,8,45,15.5,10,4,253,0,NULL),(236,29,'Laureato',9000,1,17,0,0,1,1,1,4,42,10.88,9,4,254,0,NULL),(237,32,'Nautilus',51000,2,3,1,0,1,1,1,5,40.8,8.3,7,4,255,0,NULL),(238,16,'Royal Oak',22000,2,14,1,1,1,1,1,2,41,9.8,6,4,256,0,NULL),(239,20,'Pilot\'s Watch',7500,1,23,1,1,1,3,1,3,46.2,15,6,4,257,0,NULL),(240,22,'Fifty Fathoms',14500,1,21,1,1,2,8,1,8,45,15.4,10,4,258,0,NULL),(241,17,'Overseas',21500,5,26,1,0,1,1,1,6,41,11,9,4,259,0,NULL),(242,23,'El Primero',7500,1,17,0,1,1,3,1,4,42,12.75,6,4,260,0,NULL),(243,31,'Big Bang',15000,1,26,0,1,2,2,1,4,44,14.5,9,4,261,0,NULL),(244,15,'Classique',18000,5,1,1,1,5,3,1,1,39,10.2,9,4,262,0,NULL),(245,28,'Happy Sport',5000,3,28,1,1,1,3,2,1,30,10.5,3,4,263,0,NULL),(246,29,'Laureato',11500,2,1,0,0,1,1,1,4,41,10.88,9,4,264,0,NULL),(247,18,'Luminor Marina',8000,1,23,1,0,1,3,1,8,44,15.65,11,4,265,0,NULL),(248,19,'Black Bay',3800,1,21,0,1,1,3,1,7,41,14.75,9,4,266,0,NULL),(249,18,'Luminor',6400,1,22,1,0,1,3,3,4,44,13.05,11,4,267,0,NULL),(250,20,'Portugieser',8900,5,2,1,0,1,3,1,1,41,12.3,9,4,268,0,NULL),(251,16,'Royal Oak',20400,2,29,0,1,1,1,1,2,41,9.8,6,4,269,0,NULL),(252,17,'Overseas',22000,2,22,1,0,1,2,1,6,41,11,7,4,270,0,NULL),(253,32,'Nautilus',62500,2,23,0,1,1,1,1,5,40.8,8.3,7,4,271,0,NULL),(254,22,'Fifty Fathoms',14900,1,10,1,0,1,7,1,8,45,15.5,10,4,272,0,NULL),(255,28,'Mille Miglia',5900,5,24,0,1,1,3,1,2,42,12.67,6,4,273,0,NULL),(256,11,'Master Collection',1500,5,27,1,1,1,3,1,1,40,9.35,6,4,274,0,NULL),(257,21,'Heritage',2700,1,26,0,0,1,3,1,2,40,9.85,6,4,275,0,NULL),(258,23,'El Primero',6500,1,3,0,1,1,3,1,4,42,12.75,6,4,276,0,NULL),(259,1,'Datejust',7800,2,26,0,0,1,1,1,4,41,11.8,7,4,277,0,NULL),(260,2,'Speedmaster',5300,1,7,1,0,1,1,1,2,42,13.75,6,4,278,0,NULL),(261,3,'Monaco',5900,2,12,1,1,1,3,1,4,39,14.5,9,4,279,0,NULL),(262,4,'Superocean',3800,2,20,0,1,1,2,1,11,44,14.21,9,4,280,0,NULL),(263,5,'Ballon Bleu',7500,5,6,1,1,1,1,1,1,42,13,9,4,281,0,NULL),(264,6,'Master Ultra Thin',6200,3,27,1,1,1,3,1,2,39,7.5,6,4,282,0,NULL),(265,1,'GMT-Master II',9500,1,25,0,0,1,1,1,4,40,12.5,6,4,283,0,NULL),(266,2,'Aqua Terra',4700,5,1,0,0,1,1,1,6,41.5,13,6,4,284,0,NULL),(267,3,'Aquaracer',2700,1,13,0,1,1,1,1,8,41,12.5,6,4,285,0,NULL),(268,4,'Avenger II',4600,1,11,1,0,1,2,1,8,43,16.5,9,4,286,0,NULL),(269,5,'Santos',5300,5,7,1,0,1,3,1,4,35.1,8.83,9,4,287,0,NULL),(270,1,'Daytona',39500,6,20,0,0,12,3,1,4,40,12.4,6,4,288,0,NULL),(271,2,'Speedmaster',5400,1,9,0,0,1,1,3,2,42,14.3,6,4,289,0,NULL),(272,3,'Monaco',6550,2,6,0,0,1,3,1,4,39,14,9,4,290,0,NULL),(273,5,'Santos-Dumont',5300,5,28,0,0,1,3,2,1,43.5,7.3,10,4,291,0,NULL),(274,4,'Superocean',3850,2,2,0,1,1,2,1,11,42,13.32,6,4,292,0,NULL),(275,32,'Calatrava',25800,5,22,0,1,7,3,1,1,39,8.25,6,4,293,0,NULL),(276,19,'Black Bay',4100,1,30,1,0,1,8,1,7,41,11.9,9,4,294,0,NULL),(277,22,'Fifty Fathoms',12900,1,7,0,1,1,2,1,8,45,15.5,10,4,295,0,NULL),(278,20,'Portugieser',6900,2,17,0,1,1,3,1,1,41,12.3,9,4,296,0,NULL),(279,17,'Overseas',19800,2,19,1,1,1,2,1,6,41,11,9,4,297,0,NULL),(280,1,'Datejust',8100,1,17,0,0,1,1,1,4,36,12,6,4,298,0,NULL),(281,1,'Datejust',6500,1,3,1,0,1,1,1,4,36,12.5,6,4,299,0,NULL),(282,2,'Speedmaster Moonwatch',5400,1,21,1,0,1,1,3,2,42,14.3,6,2,300,0,NULL),(283,32,'Nautilus',44000,2,29,1,0,1,1,1,5,40.5,8.3,6,4,301,0,NULL),(284,5,'Ballon Bleu',13200,5,26,1,1,5,3,1,1,33,9.96,4,4,302,0,NULL),(285,31,'Classic Fusion',20200,2,17,1,1,13,2,1,2,42,10.5,9,4,303,0,NULL),(286,16,'Royal Oak',24800,2,6,0,0,1,1,1,2,41,10.4,6,4,304,0,NULL),(287,20,'Pilot\'s Watch',4800,1,28,0,1,1,3,1,3,41,12.8,9,4,305,0,NULL),(288,19,'Black Bay GMT',4000,1,17,0,1,1,1,1,7,41,14.5,9,4,306,0,NULL),(289,15,'Classique',22500,3,30,0,0,3,3,3,1,40,6.95,6,4,307,0,NULL),(290,22,'Fifty Fathoms',12500,1,1,1,0,1,2,1,8,45,15.4,10,4,308,0,NULL),(291,28,'Mille Miglia',6900,1,10,0,0,1,3,1,2,42,12.67,9,4,309,0,NULL),(292,18,'Luminor',7500,1,30,1,0,2,3,1,4,44,15.65,11,4,310,0,NULL),(293,16,'Royal Oak',25000,2,7,1,1,1,1,1,2,41,10.4,6,4,311,0,NULL),(294,32,'Nautilus',70000,2,3,1,1,1,1,1,5,40.5,8.3,9,4,312,0,NULL),(295,20,'Pilot\'s Watch',5500,1,2,0,0,1,3,1,3,41,10.8,6,4,313,0,NULL),(296,22,'Fifty Fathoms',12000,1,30,0,0,2,8,1,8,45,15.4,10,4,314,0,NULL),(297,25,'Marine',7500,2,20,1,1,1,2,1,4,44,14.4,9,4,315,0,NULL),(298,15,'Classique',20000,5,21,0,1,6,3,1,1,38,8.25,6,4,316,0,NULL),(299,29,'Laureato',8500,1,1,1,0,1,1,1,4,38,10.88,9,4,317,0,NULL),(300,31,'Big Bang',12000,1,9,0,0,4,2,1,4,42,14.1,11,4,318,0,NULL),(301,23,'Chronomaster',6000,5,15,1,1,1,3,1,4,42,14.05,6,4,319,0,NULL),(302,17,'Overseas',12000,2,4,1,0,1,2,1,6,41,11,9,4,320,0,NULL),(303,16,'Royal Oak',22000,1,28,1,0,1,1,1,2,41,10.4,6,4,321,0,NULL),(304,31,'Classic Fusion',8500,2,1,0,1,2,2,1,2,42,10.5,9,4,322,0,NULL),(305,18,'Luminor Marina',7200,1,24,0,0,1,3,3,8,44,15.65,11,4,323,0,NULL),(306,15,'Classique',16000,5,30,1,1,3,3,3,1,40,6.1,6,4,324,0,NULL),(307,28,'Happy Sport',5800,5,12,0,0,1,1,2,1,30,7.2,1,4,325,0,NULL),(308,25,'Marine',8900,2,27,0,1,1,2,1,4,42.2,12.6,9,4,326,0,NULL),(309,20,'Portugieser Chronograph',7600,3,19,0,1,1,3,1,1,41,13.1,6,4,327,0,NULL),(310,32,'Nautilus',57000,2,29,1,0,1,1,1,5,40.8,8.3,6,4,328,0,NULL),(311,21,'1858 Geosphere',6500,1,13,0,0,2,3,1,4,42,12.8,9,4,329,0,NULL),(312,17,'Overseas',21000,2,25,1,0,1,1,1,6,41.5,11,9,4,330,0,NULL),(313,23,'Chronomaster El Primero',6000,5,3,1,0,1,3,1,4,38,12.45,6,4,331,0,NULL),(314,1,'Daytona',29500,7,12,0,1,14,3,1,4,40,12.4,6,4,332,0,NULL),(315,16,'Royal Oak',36500,2,2,0,0,6,11,1,2,37,9.8,4,4,333,0,NULL),(316,32,'Nautilus',51000,2,14,0,0,1,1,1,5,40.5,8.3,9,4,334,0,NULL),(317,20,'Portuguese',8800,3,30,1,0,1,3,1,1,42.3,14.2,9,4,335,0,NULL),(318,22,'Fifty Fathoms',13500,1,19,0,1,1,2,1,8,45,15.4,10,4,336,0,NULL),(319,31,'Big Bang',19500,1,21,1,0,11,2,1,4,44,14.5,9,4,337,0,NULL),(320,25,'Marine',7000,2,4,1,1,1,2,1,4,43,12.6,9,4,338,0,NULL),(321,15,'Classique',23000,5,14,0,1,3,3,3,1,38,7.45,6,4,339,0,NULL),(322,29,'Laureato',9500,1,13,0,0,1,1,1,4,42,10.88,12,4,340,0,NULL),(323,24,'Altiplano',18500,5,8,0,1,3,3,3,1,40,6.36,6,4,341,0,NULL),(324,17,'Patrimony',22500,5,12,1,0,5,3,3,1,42,7.65,6,4,342,0,NULL),(325,18,'Luminor Marina',7500,1,7,1,1,1,3,1,8,44,15.65,9,4,343,0,NULL),(326,20,'Portugieser',6500,2,23,0,0,1,3,1,1,41,12.3,9,4,344,0,NULL),(327,16,'Royal Oak',20000,2,11,0,0,1,1,1,2,41,9.8,6,4,345,0,NULL),(328,31,'Big Bang',12000,1,2,0,1,11,2,1,4,44,14.5,13,4,346,0,NULL),(329,29,'Laureato',6500,2,3,1,1,1,1,1,4,42,10.88,9,4,347,0,NULL),(330,28,'Mille Miglia',6200,1,10,0,1,1,3,1,2,42,11.43,9,4,348,0,NULL),(331,17,'Overseas',15000,2,16,0,0,1,1,1,6,41,11,9,4,349,0,NULL),(332,24,'Altiplano',22000,5,12,1,0,7,3,3,1,40,6.36,6,4,350,0,NULL),(333,23,'El Primero',5500,1,12,0,0,1,3,1,4,42,12.75,9,4,351,0,NULL),(334,15,'Classique',19000,5,26,1,1,7,3,1,1,39,10.2,9,4,352,0,NULL),(335,19,'Black Bay',3500,1,5,0,0,1,3,1,7,41,12.7,9,4,353,0,NULL),(336,1,'Datejust',7400,2,24,1,0,1,1,1,4,36,12.5,6,4,354,0,NULL),(337,2,'Speedmaster',5000,1,22,1,0,1,1,1,2,42,14.3,6,2,355,0,NULL),(338,5,'Santos',6200,5,14,0,1,1,1,1,4,39.8,9.08,6,4,356,0,NULL),(339,3,'Aquaracer',3100,1,30,0,1,1,1,1,8,43,12.5,7,4,357,0,NULL),(340,4,'Superocean',4100,2,15,0,0,1,2,1,11,42,13.3,6,4,358,0,NULL),(341,18,'Luminor Marina',6500,1,9,1,0,1,3,1,8,44,13.05,11,4,359,0,NULL),(342,19,'Black Bay',3800,1,11,0,0,1,3,1,7,41,12.7,9,4,360,0,NULL),(343,23,'Elite Classic',4900,5,15,0,1,1,3,1,2,39,8.15,6,4,361,0,NULL),(344,11,'Conquest Classic',1850,5,23,0,1,1,3,1,2,40,10.75,6,4,362,0,NULL),(345,21,'Star Legacy',3900,3,28,1,0,1,3,1,2,42,11.4,9,4,363,0,NULL),(346,37,'Clifton Baumatic',2750,5,5,1,0,1,3,1,2,40,10.3,6,4,364,0,NULL),(347,1,'Datejust',9500,2,10,0,0,1,13,1,4,41,11.8,6,4,365,0,NULL),(348,2,'Speedmaster Moonwatch',5350,1,16,0,0,1,1,3,2,42,13.75,6,2,366,0,NULL),(349,4,'Superocean Heritage',3250,2,11,0,1,1,1,1,7,44,14.2,9,4,367,0,NULL),(350,5,'Santos-Dumont',14200,5,24,0,0,14,3,3,1,27.5,6.5,4,4,368,0,NULL),(351,3,'Monaco',4950,2,1,1,1,1,3,1,4,39,14,9,4,369,0,NULL),(352,6,'Master Control',6500,5,3,1,0,1,3,1,2,40,8.5,6,4,370,0,NULL),(353,18,'Luminor',8500,1,10,1,0,2,2,3,8,44,15.6,11,4,371,0,NULL),(354,16,'Royal Oak',27000,2,17,1,0,1,1,1,2,41,10.4,6,4,372,0,NULL),(355,20,'Portugieser',7250,5,3,1,0,1,3,1,1,40.4,12.3,6,4,373,0,NULL),(356,32,'Calatrava',25000,3,12,0,1,3,3,3,1,38,8.25,6,4,374,0,NULL),(357,13,'BR 03-92',3800,1,8,0,0,4,2,1,4,42,9.8,11,4,375,0,NULL),(358,1,'Datejust',8000,5,26,0,0,1,1,1,4,36,12.5,6,4,376,0,NULL),(359,2,'Speedmaster',4500,1,15,1,0,1,1,3,2,42,14.3,6,2,377,0,NULL),(360,32,'Nautilus',52000,2,23,0,1,1,1,1,5,40.8,8.3,6,4,378,0,NULL),(361,16,'Royal Oak',28500,2,15,0,0,1,1,1,2,41,10.4,6,4,379,0,NULL),(362,20,'Pilot\'s Watch Mark',6800,1,6,0,1,1,3,1,3,41,12.5,6,4,380,0,NULL),(363,31,'Big Bang',16000,1,14,0,0,4,2,1,4,42,14.1,11,4,381,0,NULL),(364,23,'El Primero',6500,1,21,0,0,1,3,1,4,42,12.75,6,4,382,0,NULL),(365,15,'Classique',19000,5,21,0,0,3,3,1,1,39,8.65,6,4,383,0,NULL),(366,22,'Fifty Fathoms',13500,1,10,0,1,1,2,1,8,45,15.5,10,4,384,0,NULL),(367,29,'Laureato',8000,1,5,1,0,1,1,1,4,42,10.88,12,4,385,0,NULL),(368,26,'Grande Seconde',10000,5,21,0,0,1,3,1,1,43,12.48,10,4,386,0,NULL),(369,1,'GMT-Master II',9700,1,3,1,1,1,1,1,4,40,12.5,6,4,387,0,NULL),(370,32,'Nautilus',29800,2,12,0,1,1,1,1,5,40.5,8.3,7,4,388,0,NULL),(371,2,'Speedmaster',5350,1,3,0,0,1,1,3,2,42,14.3,6,2,389,0,NULL),(372,16,'Royal Oak',18500,2,14,0,0,1,1,1,2,41,9.8,6,4,390,0,NULL),(373,20,'Pilot\'s Watch',4950,1,10,1,0,1,3,1,3,43,15,9,4,391,0,NULL),(374,23,'El Primero',7900,3,20,1,1,1,3,1,4,42,12.75,6,4,392,0,NULL),(375,5,'Santos-Dumont',4500,5,11,1,1,1,3,3,1,31.4,7.25,4,4,393,0,NULL),(376,31,'Big Bang',16000,1,5,0,1,2,2,1,4,44,14.5,11,4,394,0,NULL),(377,29,'Laureato',12800,2,4,0,1,1,1,1,4,42,10.88,9,4,395,0,NULL),(378,6,'Master Control',8500,5,7,0,0,1,3,1,2,40,8.78,6,4,396,0,NULL),(379,20,'Portugieser',8500,2,26,0,1,1,3,1,1,41,12.3,9,4,397,0,NULL),(380,18,'Luminor',7500,1,4,1,1,2,2,1,8,44,13.05,11,4,398,0,NULL),(381,32,'Nautilus',39000,2,19,1,1,1,1,1,5,40.5,8.3,6,4,399,0,NULL),(382,16,'Royal Oak',19500,2,12,0,1,1,1,1,2,37,9.8,6,4,400,0,NULL),(383,31,'Big Bang',13000,1,13,1,0,2,2,1,4,44,14.5,11,4,401,0,NULL),(384,23,'El Primero',7500,3,20,0,0,1,3,1,4,42,12.75,6,4,402,0,NULL),(385,17,'Overseas',23000,2,29,0,1,1,1,1,6,41,11,9,4,403,0,NULL),(386,15,'Classique',24000,5,12,0,1,3,3,3,1,40,6.95,6,4,404,0,NULL),(387,22,'Fifty Fathoms',11000,1,26,0,1,1,8,1,8,45,15.5,10,4,405,0,NULL),(388,28,'Mille Miglia',6000,1,11,1,0,1,3,1,2,44,14.45,9,4,406,0,NULL),(389,1,'Datejust',7500,5,15,1,1,1,1,1,4,36,12,6,4,407,0,NULL),(390,2,'Speedmaster',6500,1,20,1,0,1,1,1,2,42,13.7,6,4,408,0,NULL),(391,3,'Aquaracer',3700,2,13,0,0,1,1,1,8,43,13,7,4,409,0,NULL),(392,4,'Superocean',4500,1,29,1,1,1,2,1,7,44,14.2,9,4,410,0,NULL),(393,5,'Ballon Bleu',7500,5,7,1,0,1,1,1,1,42,13,9,4,411,0,NULL),(394,6,'Master Control',6000,5,26,1,1,1,3,1,2,40,8.8,6,4,412,0,NULL),(395,1,'GMT-Master II',9500,1,28,0,0,1,1,1,4,40,12.5,6,4,413,0,NULL),(396,2,'Constellation',4800,1,9,1,0,1,1,1,4,39,10.6,6,4,414,0,NULL),(397,3,'Monaco',5200,2,2,1,0,1,3,1,4,39,14.5,9,4,415,0,NULL),(398,4,'Chronomat',6900,2,22,0,0,1,1,1,7,44,16.95,9,4,416,0,NULL),(399,5,'Santos',5500,5,9,0,1,1,1,1,4,35.1,8.83,4,4,417,0,NULL),(400,1,'Datejust',8000,3,8,0,1,1,1,1,4,41,11.7,6,4,418,0,NULL),(401,32,'Nautilus',40000,2,21,1,0,1,1,1,5,40.5,8.3,7,4,419,0,NULL),(402,16,'Royal Oak',18000,2,24,0,1,1,1,1,2,37,9,2,4,420,0,NULL),(403,20,'Portugieser',7500,3,13,0,0,1,3,1,1,40.4,12.3,9,4,421,0,NULL),(404,31,'Big Bang',14000,1,17,0,0,2,2,1,4,44,14.5,12,4,422,0,NULL),(405,22,'Fifty Fathoms',14000,1,16,1,1,1,7,1,8,45,15.4,10,4,423,0,NULL),(406,15,'Classique',25000,5,13,1,0,6,3,3,1,40,6.8,6,4,424,0,NULL),(407,6,'Master Ultra Thin',6500,5,8,1,1,1,3,1,2,39,7.8,6,4,425,0,NULL),(408,23,'El Primero',7000,2,17,0,0,1,1,1,4,42,12.75,6,4,426,0,NULL),(409,27,'Octo Finissimo',10000,1,4,0,0,2,10,1,1,40,5.15,14,4,427,0,NULL),(410,29,'Laureato',9000,2,3,1,0,1,1,1,4,42,10.88,9,4,428,0,NULL),(411,1,'GMT-Master II',9450,1,10,1,0,1,1,1,4,40,12.1,6,4,429,0,NULL),(412,32,'Nautilus',29800,2,26,1,0,1,1,1,5,40.8,8.3,7,4,430,0,NULL),(413,16,'Royal Oak',22300,2,8,1,1,1,1,1,2,41,9.8,6,4,431,0,NULL),(414,31,'Classic Fusion',8100,1,25,1,0,2,2,1,2,42,10.6,9,4,432,0,NULL),(415,20,'Pilot\'s Watch Mark XVIII',3900,1,24,0,0,1,3,1,3,40,10.8,6,4,433,0,NULL),(416,34,'Saxonia',23300,5,26,1,0,6,3,3,1,38.5,7.8,4,4,434,0,NULL),(417,15,'Classique',23200,5,7,1,1,6,3,1,1,39,8.65,6,4,435,0,NULL),(418,28,'Mille Miglia',6300,1,19,1,0,1,3,1,2,44,14.4,9,4,436,0,NULL),(419,23,'El Primero',5600,3,16,1,0,1,3,1,4,38,12.45,6,4,437,0,NULL),(420,18,'Luminor',6900,1,1,0,1,2,3,3,4,44,13.05,11,4,438,0,NULL),(421,1,'Daytona',13500,3,10,0,1,1,1,1,4,40,12.4,6,4,439,0,NULL),(422,2,'Speedmaster',4500,1,21,0,0,1,1,3,2,42,14.3,6,2,440,0,NULL),(423,5,'Santos',6600,5,6,0,0,1,3,1,4,39.8,9.08,6,4,441,0,NULL),(424,4,'Superocean Heritage',4400,1,9,0,1,1,3,1,7,42,14.35,6,4,442,0,NULL),(425,3,'Aquaracer',2800,2,2,1,0,1,1,1,8,41,12,6,4,443,0,NULL),(426,6,'Master Ultra Thin',6300,5,22,0,0,1,3,1,2,40,7.45,6,4,444,0,NULL),(427,32,'Calatrava',22900,3,20,0,0,5,3,3,1,38,7.68,5,4,445,0,NULL),(428,16,'Royal Oak',22500,1,6,0,0,1,1,1,2,41,9.8,6,4,446,0,NULL),(429,23,'El Primero',6900,2,5,0,0,1,1,1,4,42,12.75,6,4,447,0,NULL),(430,17,'Overseas',20200,1,2,1,1,1,1,1,6,41,11,6,4,448,0,NULL),(431,20,'Portugieser',7600,5,8,0,0,1,3,1,1,40.4,12.6,6,4,449,0,NULL),(432,18,'Luminor Marina',6500,1,16,0,1,1,3,1,8,44,15.65,11,4,450,0,NULL),(433,32,'Nautilus',34000,2,25,1,1,1,1,1,5,40.5,8.3,7,4,451,0,NULL),(434,16,'Royal Oak',22000,1,7,1,1,1,1,1,2,41,9.8,6,4,452,0,NULL),(435,20,'Portugieser',9500,3,6,1,1,1,3,1,1,41,12.3,9,4,453,0,NULL),(436,31,'Big Bang',14000,1,30,0,1,4,2,1,4,41,14.6,6,4,454,0,NULL),(437,15,'Classique',26000,5,30,0,0,5,3,3,1,39,10.2,9,4,455,0,NULL),(438,23,'El Primero',7000,5,7,1,1,1,3,1,4,38,12.5,6,4,456,0,NULL),(439,22,'Fifty Fathoms',10000,1,8,1,0,1,12,1,8,45,15.4,10,4,457,0,NULL),(440,29,'Laureato',11500,2,3,0,1,1,1,1,4,42,10.88,9,4,458,0,NULL),(441,25,'Marine',7500,2,15,0,1,1,3,1,4,42.2,12.6,6,4,459,0,NULL),(442,17,'Overseas',20000,5,17,1,0,1,1,1,6,41.5,11,9,4,460,0,NULL),(443,32,'Nautilus',26000,2,21,1,1,1,1,1,5,40,8.3,6,4,461,0,NULL),(444,16,'Royal Oak',17000,8,8,0,0,1,1,1,2,41,10.4,6,4,462,0,NULL),(445,20,'Portugieser',7800,3,4,0,0,1,3,1,1,42.3,14.2,9,4,463,0,NULL),(446,34,'Saxonia',17500,5,4,1,0,5,3,3,1,37,7.5,4,4,464,0,NULL),(447,17,'Overseas',20000,2,30,1,1,1,2,1,6,42.5,13.7,9,4,465,0,NULL),(448,29,'Laureato',12000,1,5,0,0,1,1,1,4,41,10.88,13,4,466,0,NULL),(449,23,'El Primero',7500,5,2,0,1,1,3,1,4,42,12.75,9,4,467,0,NULL),(450,22,'Fifty Fathoms',14000,1,10,0,0,1,2,1,8,45,15.5,10,4,468,0,NULL),(451,31,'Classic Fusion',9500,2,28,1,1,2,2,1,2,45,10.95,9,4,469,0,NULL),(452,15,'Classique',22000,5,9,0,1,3,3,3,1,38,8.25,6,4,470,0,NULL),(453,24,'Polo',10500,2,22,0,0,1,1,1,4,42,9.4,9,4,471,0,NULL),(454,32,'Nautilus',29000,2,6,0,0,1,1,1,5,40.5,8.3,9,4,472,0,NULL),(455,16,'Royal Oak',38500,1,19,1,1,6,3,1,2,37,9.8,6,4,473,0,NULL),(456,31,'Classic Fusion',7500,2,26,0,1,2,2,1,2,42,9.85,9,4,474,0,NULL),(457,15,'Classique',25000,5,9,0,0,6,3,1,1,39,10.2,6,4,475,0,NULL),(458,20,'Pilot\'s Watch',5900,1,4,0,0,1,3,1,3,41,15.3,6,4,476,0,NULL),(459,22,'Fifty Fathoms',12000,1,24,0,0,1,12,1,8,45,15.5,10,4,477,0,NULL),(460,23,'El Primero',6200,5,21,1,1,1,3,1,4,38,12.45,6,4,478,0,NULL),(461,28,'Mille Miglia',6800,1,6,1,0,1,2,1,2,42,13.07,6,4,479,0,NULL),(462,17,'Patrimony',28000,5,21,1,1,7,3,3,1,40,6.79,6,4,480,0,NULL),(463,18,'Luminor',9500,1,21,1,1,2,3,1,8,44,16.15,11,4,481,0,NULL),(464,19,'Black Bay',3500,1,21,0,1,1,12,1,7,41,11.9,9,4,482,0,NULL),(465,18,'Luminor Marina',7200,1,1,0,0,1,3,1,8,42,14.5,9,4,483,0,NULL),(466,20,'Portugieser',7900,2,2,0,1,1,3,1,1,41,12.3,9,4,484,0,NULL),(467,32,'Nautilus',36000,2,20,0,0,1,1,1,5,40,8.3,9,4,485,0,NULL),(468,16,'Royal Oak',28500,2,22,0,0,1,1,1,2,41,10.4,6,4,486,0,NULL),(469,22,'Fifty Fathoms',15000,1,12,1,1,1,7,1,8,45,15.4,10,4,487,0,NULL),(470,15,'Classique',26000,5,8,1,0,14,3,1,1,39,10.2,6,4,488,0,NULL),(471,23,'Chronomaster',6500,2,5,0,1,1,3,1,2,42,13.5,9,4,489,0,NULL),(472,29,'Laureato',12000,2,6,1,1,1,1,1,4,38,10.88,6,4,490,0,NULL),(473,31,'Big Bang',18500,1,28,1,1,2,2,1,4,44,14.5,11,4,491,0,NULL),(474,26,'Grande Seconde',9500,1,13,1,1,1,3,1,1,43,11.48,10,4,492,0,NULL),(475,21,'Star Legacy',3500,5,22,0,1,1,3,1,2,39,9.9,5,4,493,0,NULL),(476,1,'GMT-Master II',9900,1,1,0,0,1,1,1,4,40,12.5,6,4,494,0,NULL),(477,2,'Speedmaster',4300,1,16,1,0,1,1,3,2,42,14.3,6,2,495,0,NULL),(478,20,'Portugieser',7500,3,12,1,0,1,3,1,1,40.4,12.3,6,4,496,0,NULL),(479,31,'Big Bang',15500,1,13,1,0,4,2,1,4,44,14.5,11,4,497,0,NULL),(480,18,'Luminor Marina',5200,1,4,0,0,1,3,3,8,44,13.05,11,4,498,0,NULL),(481,32,'Calatrava',25000,3,24,1,1,7,3,1,1,37,8.5,4,4,499,0,NULL),(482,16,'Royal Oak',19500,2,17,1,1,1,1,1,2,41,10.4,6,4,500,0,NULL),(483,17,'Patrimony',15000,3,17,1,0,6,3,1,1,40,6.79,6,4,501,0,NULL),(484,22,'Fifty Fathoms',14000,1,25,1,0,2,8,1,8,45,15.4,10,4,502,0,NULL),(485,29,'Laureato',7500,2,26,1,0,1,1,1,4,42,10.88,12,4,503,0,NULL),(486,26,'Grande Seconde',8500,3,4,1,0,1,3,1,1,43,11.48,9,4,504,0,NULL),(487,1,'Datejust',7650,2,1,1,1,1,13,1,4,36,12,6,4,505,0,NULL),(488,2,'Speedmaster',5200,1,27,0,0,1,1,3,2,42,14.3,6,2,506,0,NULL),(489,32,'Nautilus',67000,2,3,0,0,1,1,1,5,40.5,8.3,6,4,507,0,NULL),(490,16,'Royal Oak',25000,2,15,0,1,1,1,1,2,41,9.8,6,4,508,0,NULL),(491,5,'Ballon Bleu',4700,5,5,1,1,1,1,1,1,36.6,12.05,4,4,509,0,NULL),(492,20,'Portugieser',9100,2,23,0,1,1,3,1,1,42.3,14.2,9,4,510,0,NULL),(493,6,'Master Control',8200,5,23,0,1,1,3,1,2,39,8.5,6,4,511,0,NULL),(494,22,'Fifty Fathoms',12500,1,11,1,1,1,7,1,8,45,15.5,10,4,512,0,NULL),(495,15,'Classique',27900,3,25,1,1,5,3,1,1,39,9.9,9,4,513,0,NULL),(496,28,'Mille Miglia',6500,1,3,1,0,1,2,1,2,42,12.67,6,4,514,0,NULL),(497,7,'Prospex',1200,1,14,1,1,1,9,1,7,44.3,13.1,9,1,515,33,NULL),(498,19,'Black Bay',3800,1,30,1,1,1,3,1,7,41,14.75,9,4,516,0,NULL),(499,20,'Pilot\'s Watch',4500,1,15,1,1,1,3,1,3,39,10.86,6,4,517,0,NULL),(500,18,'Luminor Marina',9500,1,24,0,1,2,2,1,8,44,15.65,11,4,518,0,NULL),(501,32,'Nautilus',35000,2,17,0,0,1,1,1,5,40.5,8.3,6,4,519,0,NULL),(502,16,'Royal Oak',24000,1,23,0,1,1,1,1,2,41,10.4,6,4,520,0,NULL),(503,15,'Classique',21500,3,15,0,1,5,3,1,1,38.5,8.25,6,4,521,0,NULL),(504,22,'Fifty Fathoms',13500,1,6,1,1,1,8,1,8,45,15.5,10,4,522,0,NULL),(505,11,'Master Collection',1800,2,6,1,0,1,3,1,1,38.5,9.7,6,4,523,0,NULL),(506,17,'Overseas',19000,2,10,0,1,1,1,1,6,41.5,11,9,4,524,0,NULL),(507,36,'Classics',1200,5,6,0,0,1,3,1,2,40,10.6,6,4,525,0,NULL);
/*!40000 ALTER TABLE `base` ENABLE KEYS */;
UNLOCK TABLES;

--
-- Table structure for table `brand`
--

DROP TABLE IF EXISTS `brand`;
/*!40101 SET @saved_cs_client     = @@character_set_client */;
/*!50503 SET character_set_client = utf8mb4 */;
CREATE TABLE `brand` (
  `brandId` int NOT NULL AUTO_INCREMENT,
  `brand` varchar(45) NOT NULL,
  `description` varchar(1024) NOT NULL,
  PRIMARY KEY (`brandId`)
) ENGINE=InnoDB AUTO_INCREMENT=38 DEFAULT CHARSET=utf8mb4 COLLATE=utf8mb4_0900_ai_ci;
/*!40101 SET character_set_client = @saved_cs_client */;

--
-- Dumping data for table `brand`
--

LOCK TABLES `brand` WRITE;
/*!40000 ALTER TABLE `brand` DISABLE KEYS */;
INSERT INTO `brand` VALUES (1,'Rolex','A Rolex órák az óragyártás csúcsát képviselik a minőség, a precizitás és a stílus terén. Az exkluzív óramárka híres a legendás időmérőkre jellemző megbízhatóságról és tartósságról. A Rolex órák a legkiválóbb anyagokból készülnek, például rozsdamentes acélból, aranyból vagy platinafémekből, és gyakran egyedi, luxus kiegészítőkkel rendelkeznek, mint például gyémántok vagy drágakövek. Az órák tervezése és gyártása a legmagasabb szinten történik, hogy garantálják a pontos időmérés és a hosszú élettartam. A Rolex órák nemcsak időmérő eszközként szolgálnak, hanem a stílus kifejezésének ikonikus darabjai is, amelyek az elegancia és a presztízs szimbólumai.'),(2,'Omega','Az Omega egy svájci luxusóramárka, amelyet világszerte elismernek a minőség és a stílus terén. Az Omega órák híresek a precíz mechanizmusukról és az ikonikus designjukról, valamint számos híres személyiség kedvencei között találhatók.'),(3,'Tag Heuer','A Tag Heuer egy neves svájci óramárka, amely a precíz időmérés és a sportos stílus ötvözésére összpontosít. Az óramárka különösen híres a motorsportokkal kapcsolatos kapcsolatairól és az innovatív technológiájáról.'),(4,'Breitling','A Breitling ismert a pilóták és a repülés szerelmesei körében, mivel órái kiemelkedő pontosságot és megbízhatóságot nyújtanak, miközben egyedi, sportos stílust képviselnek.'),(5,'Cartier','A Cartier a luxus és az elegancia megtestesítője a divat- és ékszeriparban, és órái sem kivételek. Az ikonikus Cartier órák magas színvonalú anyagokból készülnek, és lenyűgöző művészeti kivitelükkel rendelkeznek.'),(6,'Jaeger-LeCoultre','A Jaeger-LeCoultre a svájci óraművészet egyik legmegbízhatóbb és legkreatívabb háza, amely a legmagasabb színvonalú mechanikus órákat kínálja a világ minden táján.'),(7,'Seiko','A Seiko egy japán óramárka, amely a hagyomány és az innováció tökéletes egyensúlyát képviseli. Az óramárka kínálata magában foglalja a mindennapi viseletre szánt óráktól kezdve a luxus kivitelű időmérőkig.'),(8,'Citizen','A Citizen egy japán óramárka, amely az állandó innováció és a környezetbarát technológiák terén vezető szerepet tölt be. Az óráik pontosak és tartósak, és számos funkciót kínálnak a mindennapi életben.'),(9,'Tissot','A Tissot egy svájci óramárka, amely híres az ár-érték arányával rendelkező minőségi óráiról. A Tissot órák stílusosak és megbízhatóak, és széles választékuk van a sportos, divatos és klasszikus stílusú órákból.'),(10,'Hamilton','A Hamilton egy amerikai óramárka, amelynek történelme a klasszikus filmek és a vasúti ipar világához kapcsolódik. Az óramárka híres a vintage stílusú óráiról és a megbízható mechanizmusairól.'),(11,'Longines','A Longines egy svájci óramárka, amely a hagyomány és az elegancia terén vezető szerepet tölt be. Az óramárka kínálata magában foglalja a klasszikus és sportos stílusú órákat egyaránt, és a precíz időmérésre összpontosít.'),(12,'Oris','Az Oris egy svájci óramárka, amelyet a kiváló minőség és az elérhető ár jellemzett. Az Oris órák funkcionálisak és strapabíróak, és számos kollekciójukban megtalálhatók a sportos, búvár- és pilótaórák is.'),(13,'Bell & Ross','A Bell & Ross óramárka a katonai stílus és a precíz időmérés egyedülálló kombinációját kínálja. Az óráik gyakran inspirációt merítenek repülőgép-műszerekből és a repülés világából, és rendkívül strapabíróak és funkcionálisak.'),(14,'Sinn','A Sinn egy német óramárka, amelyet a magas minőség és a technikai innováció jellemzi. Az óráik kiváló ellenállást biztosítanak a környezeti hatásokkal szemben, és gyakran tartalmaznak különleges funkciókat, mint például a gyorsbeállítású zónaidő és a gyöngyházkerámia burkolat.'),(15,'Breguet','A Breguet az óragyártás csúcsát képviseli a luxus és a művészet terén. Az óramárka híres a klasszikus stílusú óráiról és a kézműves művészetről, és gyakran egyedi funkciókkal, például a turbillonnal és a repeater mechanizmussal rendelkeznek.'),(16,'Audemars Piguet','Az Audemars Piguet egy svájci óramárka, amelyet a kreativitás és a műszaki kifinomultság jellemzi. Az óramárka rendelkezik egyedülálló stílussal és kiváló minőségű mechanizmusokkal, amelyeket a világ számos híressége és óra szerelmese keres.'),(17,'Vacheron Constantin','A Vacheron Constantin az egyik legrégebbi működő óramárka a világon, amely a hagyomány és a kiválóság terén kiemelkedik. Az óráik luxus kivitelben készülnek, és gyakran magukon hordozzák a finom óragyártás évszázados tudományát és kézműves hagyományait.'),(18,'Panerai','A Panerai egy olasz luxusóramárka, amelyet a hajózási és búvárórák eredeti stílusa jellemzi. Az óramárka híres a nagy méretű tokjaikról és az egyszerű, de hatékony kialakításukról.'),(19,'Tudor','A Tudor egy svájci óramárka, amely a Rolex testvércégeként ismert. Az óráikat a minőség, a funkcionalitás és a stílus egyedülálló kombinációja jellemzi, és széles körű kínálatuk van a sportos, búvár- és klasszikus stílusú órákból.'),(20,'IWC','Az International Watch Company (IWC) egy svájci luxusóramárka, amely a hagyomány és az innováció tökéletes egyensúlyát képviseli. Az IWC órák a magas minőségű anyagokból készülnek, és rendkívül precíz mechanizmusokkal rendelkeznek.'),(21,'Montblanc','A Montblanc egy német óramárka, amelyet a klasszikus elegancia és a művészi kivitel jellemzi. Az óramárka híres az exkluzív tervezésű óráiról és a kifinomult stílusáról, amelyek a luxus életmódot képviselik.'),(22,'Blancpain','A Blancpain egy svájci óramárka, amely a hagyományos óragyártás legmagasabb szintjét képviseli. Az óráikat kézi munkával készítik, és gyakran rendelkeznek komplikált mechanizmusokkal és kifinomult kialakítással.'),(23,'Zenith','A Zenith egy svájci óramárka, amely a precizitás és a műszaki kifinomultság terén élen jár. Az óramárka híres a legendás El Primero kronográf mechanizmusáról, amely az első magas frekvenciájú automata kronográf volt a világon.'),(24,'Piaget','A Piaget egy francia luxusóramárka, amely az elegáns és stílusos óráiról ismert. Az óramárka különleges figyelmet fordít a luxus és a kreativitás ötvözésére, és rendszeresen bemutat különleges kivitelű órákat.'),(25,'Ulysse Nardin','Az Ulysse Nardin egy svájci óramárka, amely a tengerészeti hagyományok és az innováció ötvözésére összpontosít. Az óramárka híres a precíz kronométer óráiról és a számos bonyolult funkcióval rendelkező időmérőiről.'),(26,'Jaquet Droz','A Jaquet Droz egy svájci luxusóramárka, amelyet a klasszikus elegancia és a művészi kivitel jellemzi. Az óramárka különleges figyelmet fordít a finom kivitelezésre és a bonyolult mechanizmusokra.'),(27,'Bulgari','A Bulgari egy olasz luxusóramárka, amely az exkluzív design és a kifinomult stílus jellemzője. Az óramárka híres az egyedi és lenyűgöző kialakítású óráiról, amelyek tökéletesen kiegészítik a Bulgari ékszerkollekcióit.'),(28,'Chopard','A Chopard egy svájci óramárka, amelyet a luxus és az elegancia jellemző. Az óramárka híres az exkluzív tervezésű óráiról és a kiváló minőségű anyagok felhasználásáról.'),(29,'Girard-Perregaux','A Girard-Perregaux egy svájci óramárka, amelyet a műszaki kifinomultság és a precizitás jellemzi. Az óramárka híres a bonyolult mechanizmusokkal rendelkező időmérőiről és a klasszikus stílusú óráiról.'),(30,'Glashutte Original','A Glashütte Original egy német óramárka, amelyet a hagyomány és az innováció ötvözése jellemzi. Az óramárka híres a magas minőségű mechanizmusokról és a lenyűgöző kivitelezésről.'),(31,'Hublot','A Hublot egy svájci luxusóramárka, amelyet a modern design és az innovatív anyagok felhasználása jellemzi. Az óramárka híres a nagyméretű tokokról és az egyedi kialakítású óráiról.'),(32,'Patek Philippe','A Patek Philippe a világ egyik leghíresebb és legelismertebb óramárkája, amely a luxus és a kiválóság szinonimája. Az óramárka kézi munkával készült, bonyolult mechanizmusokkal rendelkező órái igazi műremekek.'),(33,'Bulova','A Bulova egy amerikai óramárka, amely a kifinomult stílus és a megbízható teljesítmény egyensúlyát képviseli. Az óramárka kínálata magában foglalja a klasszikus és sportos stílusú órákat egyaránt.'),(34,'A. Lange & Söhne','Az A. Lange & Söhne egy német luxusóramárka, amelyet a művészi kivitel és a kiváló minőség jellemzi. Az óramárka különleges figyelmet fordít a hagyományos óragyártás kézműves technikáira és a magas színvonalú mechanizmusokra.'),(35,'Rado','A Rado egy svájci óramárka, amely az innováció és a kiváló minőség ötvözésére összpontosít. Az óramárka híres a kerámiaóráiról, amelyek tartósak és kifinomultak.'),(36,'Frederique Constant','A Frederique Constant egy svájci óramárka, amelyet a klasszikus design és a megfizethető luxus jellemzi. Az óramárka kínálata magában foglalja a precíz mechanizmusokkal rendelkező elegáns és stílusos órákat.'),(37,'Baume & Mercier','A Baume & Mercier egy svájci óramárka, amely a hagyomány és az elegancia terén élen jár. Az óramárka kínálata magában foglalja a klasszikus és divatos stílusú órákat egyaránt.');
/*!40000 ALTER TABLE `brand` ENABLE KEYS */;
UNLOCK TABLES;

--
-- Table structure for table `casediameter`
--

DROP TABLE IF EXISTS `casediameter`;
/*!40101 SET @saved_cs_client     = @@character_set_client */;
/*!50503 SET character_set_client = utf8mb4 */;
CREATE TABLE `casediameter` (
  `id` int NOT NULL AUTO_INCREMENT,
  `diameter` double DEFAULT NULL,
  PRIMARY KEY (`id`)
) ENGINE=InnoDB AUTO_INCREMENT=64 DEFAULT CHARSET=utf8mb4 COLLATE=utf8mb4_0900_ai_ci;
/*!40101 SET character_set_client = @saved_cs_client */;

--
-- Dumping data for table `casediameter`
--

LOCK TABLES `casediameter` WRITE;
/*!40000 ALTER TABLE `casediameter` DISABLE KEYS */;
INSERT INTO `casediameter` VALUES (1,27.5),(2,30),(3,31),(4,31.4),(5,32),(6,33),(7,35.1),(8,36),(9,36.6),(10,37),(11,38),(12,38.5),(13,39),(14,39.3),(15,39.5),(16,39.8),(17,40),(18,40.4),(19,40.5),(20,40.8),(21,40.9),(22,41),(23,41.5),(24,42),(25,42.2),(26,42.3),(27,42.5),(28,42.9),(29,43),(30,43.5),(31,43.6),(32,44),(33,44.3),(34,44.5),(35,45),(36,46.2),(37,46.5);
/*!40000 ALTER TABLE `casediameter` ENABLE KEYS */;
UNLOCK TABLES;

--
-- Table structure for table `casematerial`
--

DROP TABLE IF EXISTS `casematerial`;
/*!40101 SET @saved_cs_client     = @@character_set_client */;
/*!50503 SET character_set_client = utf8mb4 */;
CREATE TABLE `casematerial` (
  `id` int NOT NULL AUTO_INCREMENT,
  `material` varchar(45) NOT NULL,
  PRIMARY KEY (`id`)
) ENGINE=InnoDB AUTO_INCREMENT=15 DEFAULT CHARSET=utf8mb4 COLLATE=utf8mb4_0900_ai_ci;
/*!40101 SET character_set_client = @saved_cs_client */;

--
-- Dumping data for table `casematerial`
--

LOCK TABLES `casematerial` WRITE;
/*!40000 ALTER TABLE `casematerial` DISABLE KEYS */;
INSERT INTO `casematerial` VALUES (1,'Rozsdamentes acél'),(2,'Titán'),(3,'18 karátos fehérarany'),(4,'Kerámia'),(5,'18 karátos rózsaarany'),(6,'Rózsaarany'),(7,'Fehérarany'),(8,'Csúcstechnológiás kerámia'),(9,'Német tengeralattjáró acél'),(10,'Bronz'),(11,'Szénszál'),(12,'Sárgarany'),(13,'18 karátos arany király'),(14,'18 karátos sárgarany');
/*!40000 ALTER TABLE `casematerial` ENABLE KEYS */;
UNLOCK TABLES;

--
-- Table structure for table `casethickness`
--

DROP TABLE IF EXISTS `casethickness`;
/*!40101 SET @saved_cs_client     = @@character_set_client */;
/*!50503 SET character_set_client = utf8mb4 */;
CREATE TABLE `casethickness` (
  `id` int NOT NULL AUTO_INCREMENT,
  `thickness` double NOT NULL,
  PRIMARY KEY (`id`)
) ENGINE=InnoDB AUTO_INCREMENT=128 DEFAULT CHARSET=utf8mb4 COLLATE=utf8mb4_0900_ai_ci;
/*!40101 SET character_set_client = @saved_cs_client */;

--
-- Dumping data for table `casethickness`
--

LOCK TABLES `casethickness` WRITE;
/*!40000 ALTER TABLE `casethickness` DISABLE KEYS */;
INSERT INTO `casethickness` VALUES (1,5),(2,5.15),(3,5.5),(4,6),(5,6.1),(6,6.36),(7,6.5),(8,6.79),(9,6.8),(10,6.95),(11,7.2),(12,7.3),(13,7.45),(14,7.5),(15,7.58),(16,7.65),(17,7.68),(18,7.7),(19,7.8),(20,7.25),(21,8.15),(22,8.25),(23,8.3),(24,8.5),(25,8.6),(26,8.65),(27,8.78),(28,8.8),(29,8.83),(30,9),(31,9.15),(32,9.2),(33,9.3),(34,9.35),(35,9.4),(36,9.5),(37,9.7),(38,9.75),(39,9.8),(40,9.85),(41,9.9),(42,9.96),(43,10),(44,10.2),(45,10.25),(46,10.3),(47,10.4),(48,10.5),(49,10.6),(50,10.75),(51,10.8),(52,10.86),(53,10.88),(54,10.95),(55,11),(56,11.15),(57,11.2),(58,11.4),(59,11.43),(60,11.48),(61,11.5),(62,11.7),(63,11.8),(64,11.9),(65,12),(66,12.13),(67,12.15),(68,12.1),(69,12.2),(70,12.27),(71,12.3),(72,12.4),(73,12.45),(74,12.48),(75,12.5),(76,12.6),(77,12.65),(78,12.67),(79,12.7),(80,12.75),(81,12.8),(82,12.9),(83,13),(84,13.05),(85,13.07),(86,13.1),(87,13.2),(88,13.3),(89,13.32),(90,13.4),(91,13.5),(92,13.7),(93,13.75),(94,13.83),(95,13.85),(96,14),(97,14.05),(98,14.1),(99,14.2),(100,14.21),(101,14.25),(102,14.3),(103,14.35),(104,14.4),(105,14.45),(106,14.47),(107,14.5),(108,14.6),(109,14.7),(110,14.75),(111,14.97),(112,15),(113,15.3),(114,15.4),(115,15.5),(116,15.6),(117,15.65),(118,16.15),(119,16.5),(120,16.95),(121,17.5);
/*!40000 ALTER TABLE `casethickness` ENABLE KEYS */;
UNLOCK TABLES;

--
-- Table structure for table `date`
--

DROP TABLE IF EXISTS `date`;
/*!40101 SET @saved_cs_client     = @@character_set_client */;
/*!50503 SET character_set_client = utf8mb4 */;
CREATE TABLE `date` (
  `id` int NOT NULL AUTO_INCREMENT,
  `date` int NOT NULL,
  PRIMARY KEY (`id`)
) ENGINE=InnoDB AUTO_INCREMENT=31 DEFAULT CHARSET=utf8mb4 COLLATE=utf8mb4_0900_ai_ci;
/*!40101 SET character_set_client = @saved_cs_client */;

--
-- Dumping data for table `date`
--

LOCK TABLES `date` WRITE;
/*!40000 ALTER TABLE `date` DISABLE KEYS */;
INSERT INTO `date` VALUES (1,1995),(2,1996),(3,1997),(4,1998),(5,1999),(6,2000),(7,2001),(8,2002),(9,2003),(10,2004),(11,2005),(12,2006),(13,2007),(14,2008),(15,2009),(16,2010),(17,2011),(18,2011),(19,2012),(20,2013),(21,2014),(22,2015),(23,2016),(24,2017),(25,2018),(26,2019),(27,2020),(28,2021),(29,2022),(30,2023);
/*!40000 ALTER TABLE `date` ENABLE KEYS */;
UNLOCK TABLES;

--
-- Table structure for table `dialcolor`
--

DROP TABLE IF EXISTS `dialcolor`;
/*!40101 SET @saved_cs_client     = @@character_set_client */;
/*!50503 SET character_set_client = utf8mb4 */;
CREATE TABLE `dialcolor` (
  `id` int NOT NULL AUTO_INCREMENT,
  `color` varchar(45) NOT NULL,
  PRIMARY KEY (`id`)
) ENGINE=InnoDB AUTO_INCREMENT=9 DEFAULT CHARSET=utf8mb4 COLLATE=utf8mb4_0900_ai_ci;
/*!40101 SET character_set_client = @saved_cs_client */;

--
-- Dumping data for table `dialcolor`
--

LOCK TABLES `dialcolor` WRITE;
/*!40000 ALTER TABLE `dialcolor` DISABLE KEYS */;
INSERT INTO `dialcolor` VALUES (1,'Fekete'),(2,'Kék'),(3,'Fehér'),(4,'Sötétkék'),(5,'Ezüst'),(6,'Elefántcsont'),(7,'Pezsgő'),(8,'Szürke');
/*!40000 ALTER TABLE `dialcolor` ENABLE KEYS */;
UNLOCK TABLES;

--
-- Table structure for table `dialmaterial`
--

DROP TABLE IF EXISTS `dialmaterial`;
/*!40101 SET @saved_cs_client     = @@character_set_client */;
/*!50503 SET character_set_client = utf8mb4 */;
CREATE TABLE `dialmaterial` (
  `id` int NOT NULL AUTO_INCREMENT,
  `material` varchar(45) NOT NULL,
  PRIMARY KEY (`id`)
) ENGINE=InnoDB AUTO_INCREMENT=5 DEFAULT CHARSET=utf8mb4 COLLATE=utf8mb4_0900_ai_ci;
/*!40101 SET character_set_client = @saved_cs_client */;

--
-- Dumping data for table `dialmaterial`
--

LOCK TABLES `dialmaterial` WRITE;
/*!40000 ALTER TABLE `dialmaterial` DISABLE KEYS */;
INSERT INTO `dialmaterial` VALUES (1,'Hardlex'),(2,'Hesalite'),(3,'Mineral'),(4,'Zafír');
/*!40000 ALTER TABLE `dialmaterial` ENABLE KEYS */;
UNLOCK TABLES;

--
-- Table structure for table `favourite`
--

DROP TABLE IF EXISTS `favourite`;
/*!40101 SET @saved_cs_client     = @@character_set_client */;
/*!50503 SET character_set_client = utf8mb4 */;
CREATE TABLE `favourite` (
  `id` int NOT NULL AUTO_INCREMENT,
  `userIdFK` int NOT NULL,
  `productIdFK` int NOT NULL,
  PRIMARY KEY (`id`),
  KEY `userId_idx` (`userIdFK`),
  KEY `productId_idx` (`productIdFK`),
  CONSTRAINT `productIdX` FOREIGN KEY (`productIdFK`) REFERENCES `base` (`id`),
  CONSTRAINT `userIdX` FOREIGN KEY (`userIdFK`) REFERENCES `users` (`id`)
) ENGINE=InnoDB AUTO_INCREMENT=6 DEFAULT CHARSET=utf8mb4 COLLATE=utf8mb4_0900_ai_ci;
/*!40101 SET character_set_client = @saved_cs_client */;

--
-- Dumping data for table `favourite`
--

LOCK TABLES `favourite` WRITE;
/*!40000 ALTER TABLE `favourite` DISABLE KEYS */;
INSERT INTO `favourite` VALUES (1,5,1),(2,2,9),(3,6,50),(4,10,63),(5,1,23);
/*!40000 ALTER TABLE `favourite` ENABLE KEYS */;
UNLOCK TABLES;

--
-- Table structure for table `images`
--

DROP TABLE IF EXISTS `images`;
/*!40101 SET @saved_cs_client     = @@character_set_client */;
/*!50503 SET character_set_client = utf8mb4 */;
CREATE TABLE `images` (
  `id` int NOT NULL AUTO_INCREMENT,
  `watchId` int NOT NULL,
  `imageId` varchar(45) NOT NULL,
  PRIMARY KEY (`id`),
  KEY `watchId_idx` (`watchId`),
  CONSTRAINT `watchId` FOREIGN KEY (`watchId`) REFERENCES `base` (`id`)
) ENGINE=InnoDB AUTO_INCREMENT=66 DEFAULT CHARSET=utf8mb4 COLLATE=utf8mb4_0900_ai_ci;
/*!40101 SET character_set_client = @saved_cs_client */;

--
-- Dumping data for table `images`
--

LOCK TABLES `images` WRITE;
/*!40000 ALTER TABLE `images` DISABLE KEYS */;
INSERT INTO `images` VALUES (1,1,'10001.jpg'),(2,1,'10002.jpg'),(3,1,'10003.jpg'),(4,1,'10004.jpg'),(5,1,'10005.jpg'),(6,1,'10006.jpg'),(7,1,'10007.jpg'),(8,1,'10008.jpg'),(9,2,'10001.jpg'),(10,2,'10002.jpg'),(11,2,'10003.jpg'),(12,2,'10004.jpg'),(13,2,'10005.jpg'),(14,2,'10006.jpg'),(15,2,'10007.jpg'),(16,3,'10001.jpg'),(17,3,'10002.jpg'),(18,3,'10003.jpg'),(19,3,'10004.jpg'),(20,3,'10005.jpg'),(21,3,'10006.jpg'),(22,3,'10007.jpg'),(23,4,'10001.jpg'),(24,4,'10002.jpg'),(25,4,'10003.jpg'),(26,4,'10004.jpg'),(27,4,'10005.jpg'),(28,4,'10006.jpg'),(29,4,'10007.jpg'),(30,5,'10001.jpg'),(31,5,'10002.jpg'),(32,5,'10003.jpg'),(33,5,'10004.jpg'),(34,5,'10005.jpg'),(35,5,'10006.jpg'),(36,5,'10007.jpg'),(37,6,'10001.jpg'),(38,6,'10002.jpg'),(39,6,'10003.jpg'),(40,7,'10001.jpg'),(41,7,'10002.jpg'),(42,7,'10003.jpg'),(43,7,'10004.jpg'),(44,7,'10005.jpg'),(45,7,'10006.jpg'),(46,12,'10001.jpg'),(47,12,'10002.jpg'),(48,12,'10003.jpg'),(49,12,'10004.jpg'),(50,12,'10005.jpg'),(51,12,'10006.jpg'),(52,13,'10001.jpg'),(53,13,'10002.jpg'),(54,13,'10003.jpg'),(55,13,'10004.jpg'),(56,13,'10005.jpg'),(57,13,'10006.jpg'),(58,13,'10007.jpg'),(59,15,'10001.jpg'),(60,15,'10002.jpg'),(61,15,'10003.jpg'),(62,15,'10004.jpg'),(63,15,'10005.jpg'),(64,15,'10006.jpg'),(65,15,'10007.jpg');
/*!40000 ALTER TABLE `images` ENABLE KEYS */;
UNLOCK TABLES;

--
-- Table structure for table `movement`
--

DROP TABLE IF EXISTS `movement`;
/*!40101 SET @saved_cs_client     = @@character_set_client */;
/*!50503 SET character_set_client = utf8mb4 */;
CREATE TABLE `movement` (
  `id` int NOT NULL AUTO_INCREMENT,
  `movement` varchar(45) NOT NULL,
  PRIMARY KEY (`id`)
) ENGINE=InnoDB AUTO_INCREMENT=5 DEFAULT CHARSET=utf8mb4 COLLATE=utf8mb4_0900_ai_ci;
/*!40101 SET character_set_client = @saved_cs_client */;

--
-- Dumping data for table `movement`
--

LOCK TABLES `movement` WRITE;
/*!40000 ALTER TABLE `movement` DISABLE KEYS */;
INSERT INTO `movement` VALUES (1,'Automata'),(2,'Kvarc'),(3,'Manuális'),(4,'Eco-Drive');
/*!40000 ALTER TABLE `movement` ENABLE KEYS */;
UNLOCK TABLES;

--
-- Table structure for table `orderconnbase`
--

DROP TABLE IF EXISTS `orderconnbase`;
/*!40101 SET @saved_cs_client     = @@character_set_client */;
/*!50503 SET character_set_client = utf8mb4 */;
CREATE TABLE `orderconnbase` (
  `productId` int NOT NULL,
  `orderId` int NOT NULL,
  `quantity` int NOT NULL,
  `price` int NOT NULL,
  PRIMARY KEY (`orderId`,`productId`),
  KEY `connBase_idx` (`orderId`),
  KEY `productId_idx` (`productId`),
  CONSTRAINT `orderIdBase` FOREIGN KEY (`orderId`) REFERENCES `orders` (`id`),
  CONSTRAINT `productIdBase` FOREIGN KEY (`productId`) REFERENCES `base` (`id`)
) ENGINE=InnoDB DEFAULT CHARSET=utf8mb4 COLLATE=utf8mb4_0900_ai_ci;
/*!40101 SET character_set_client = @saved_cs_client */;

--
-- Dumping data for table `orderconnbase`
--

LOCK TABLES `orderconnbase` WRITE;
/*!40000 ALTER TABLE `orderconnbase` DISABLE KEYS */;
INSERT INTO `orderconnbase` VALUES (20,1,4,0),(19,3,6,0),(12,4,1,0),(13,5,1,0),(14,6,2,0),(15,7,1,0),(16,8,5,0),(18,8,5,0),(17,9,4,0);
/*!40000 ALTER TABLE `orderconnbase` ENABLE KEYS */;
UNLOCK TABLES;

--
-- Table structure for table `orders`
--

DROP TABLE IF EXISTS `orders`;
/*!40101 SET @saved_cs_client     = @@character_set_client */;
/*!50503 SET character_set_client = utf8mb4 */;
CREATE TABLE `orders` (
  `id` int NOT NULL AUTO_INCREMENT,
  `userId` int DEFAULT NULL,
  `orderDate` datetime NOT NULL,
  `shippingDate` datetime NOT NULL,
  `status` tinyint NOT NULL,
  `paymentId` tinyint NOT NULL,
  `userAddress` varchar(255) NOT NULL,
  PRIMARY KEY (`id`),
  KEY `userId_idx` (`userId`),
  CONSTRAINT `userId` FOREIGN KEY (`userId`) REFERENCES `users` (`id`)
) ENGINE=InnoDB AUTO_INCREMENT=144 DEFAULT CHARSET=utf8mb4 COLLATE=utf8mb4_0900_ai_ci;
/*!40101 SET character_set_client = @saved_cs_client */;

--
-- Dumping data for table `orders`
--

LOCK TABLES `orders` WRITE;
/*!40000 ALTER TABLE `orders` DISABLE KEYS */;
INSERT INTO `orders` VALUES (1,3,'2024-02-08 09:15:00','2024-02-12 09:15:00',0,0,'3456 Szeged, Rákóczi út 3.'),(2,4,'2024-02-08 12:45:00','2024-02-12 12:45:00',0,0,'2345 Pécs, Alkotmány krt. 4.'),(3,5,'2024-02-08 16:22:00','2024-02-12 16:22:00',0,1,'4567 Győr, Fő tér 5.'),(4,6,'2024-02-08 21:03:00','2024-02-12 21:03:00',1,1,'7890 Miskolc, Kossuth tér 6.'),(5,7,'2024-02-08 05:10:00','2024-02-12 05:10:00',1,0,'8901 Székesfehérvár, Baross u. 7.'),(6,8,'2024-02-08 14:30:00','2024-02-12 14:30:00',1,0,'6789 Veszprém, Jókai u. 8.'),(7,9,'2024-02-08 18:55:00','2024-02-12 18:55:00',0,1,'1234 Szombathely, Bajcsy-Zs. u. 9.'),(8,10,'2024-02-08 07:48:00','2024-02-12 07:48:00',1,1,'2345 Eger, Dobozi út 10.'),(9,1,'2024-02-08 10:20:00','2024-02-12 10:20:00',1,0,'3456 Pécs, Alkotmány krt. 11.'),(10,NULL,'2023-11-14 12:30:00','2023-11-17 12:30:00',0,1,'123 Main Street, Budapest, Hungary'),(11,NULL,'2023-11-14 12:30:00','2023-11-17 12:30:00',0,1,'123 Main Street, Budapest, Hungary'),(12,NULL,'2023-11-14 12:30:00','2023-11-17 12:30:00',0,1,'123 Main Street, Budapest, Hungary'),(13,NULL,'2023-11-14 12:30:00','2023-11-17 12:30:00',0,1,'123 Main Street, Budapest, Hungary'),(14,NULL,'2024-03-04 20:17:46','2024-03-04 20:17:46',0,1,'Budapest, Kiss utca 10'),(15,NULL,'2024-03-04 20:34:09','2024-03-04 20:34:09',0,1,'Budapest, Kiss utca 10'),(16,NULL,'2024-03-04 20:34:28','2024-03-04 20:34:28',0,1,'Budapest, Kiss utca 10'),(17,NULL,'2023-11-14 12:30:00','2023-11-17 12:30:00',0,1,'123 Main Street, Budapest, Hungary'),(18,NULL,'2023-11-14 12:30:00','2023-11-17 12:30:00',0,1,'123 Main Street, Budapest, Hungary'),(19,NULL,'2023-11-14 12:30:00','2023-11-17 12:30:00',0,1,'123 Main Street, Budapest, Hungary'),(20,NULL,'2023-11-14 12:30:00','2023-11-17 12:30:00',0,1,'123 Main Street, Budapest, Hungary'),(21,NULL,'2023-11-14 12:30:00','2023-11-17 12:30:00',0,1,'123 Main Street, Budapest, Hungary'),(22,NULL,'2023-11-14 12:30:00','2023-11-17 12:30:00',0,1,'123 Main Street, Budapest, Hungary'),(23,NULL,'2023-11-14 12:30:00','2023-11-17 12:30:00',0,1,'123 Main Street, Budapest, Hungary'),(24,NULL,'2023-11-14 12:30:00','2023-11-17 12:30:00',0,1,'123 Main Street, Budapest, Hungary'),(25,NULL,'2023-11-14 12:30:00','2023-11-17 12:30:00',0,1,'123 Main Street, Budapest, Hungary'),(26,NULL,'2023-11-14 12:30:00','2023-11-17 12:30:00',0,1,'123 Main Street, Budapest, Hungary'),(27,NULL,'2023-11-14 12:30:00','2023-11-17 12:30:00',0,1,'123 Main Street, Budapest, Hungary'),(28,NULL,'2023-11-14 12:30:00','2023-11-17 12:30:00',0,1,'123 Main Street, Budapest, Hungary'),(29,NULL,'2023-11-14 12:30:00','2023-11-17 12:30:00',0,1,'123 Main Street, Budapest, Hungary'),(30,NULL,'2023-11-14 12:30:00','2023-11-17 12:30:00',0,1,'123 Main Street, Budapest, Hungary'),(31,NULL,'2023-11-14 12:30:00','2023-11-17 12:30:00',0,1,'123 Main Street, Budapest, Hungary'),(32,NULL,'2023-11-14 12:30:00','2023-11-17 12:30:00',0,1,'123 Main Street, Budapest, Hungary'),(33,NULL,'2023-11-14 12:30:00','2023-11-17 12:30:00',0,1,'123 Main Street, Budapest, Hungary'),(34,NULL,'2024-03-04 21:35:18','2024-03-04 21:35:18',0,1,'Budapest, Nagy utca 9'),(35,NULL,'2024-03-04 21:35:38','2024-03-04 21:35:38',0,1,'Budapest, Nagy utca 9'),(36,NULL,'2024-03-04 21:35:50','2024-03-04 21:35:50',0,1,'Budapest, Nagy utca 11'),(37,NULL,'2024-03-04 22:02:40','2024-03-04 22:02:40',0,1,'Budapest, Kiss utca 10'),(38,NULL,'2024-03-04 22:03:43','2024-03-04 22:03:43',0,1,'Budapest, Kiss utca 10'),(39,NULL,'2024-03-04 22:04:33','2024-03-04 22:04:33',0,1,'Budapest, Kiss utca 10'),(40,NULL,'2024-03-04 22:07:31','2024-03-04 22:07:31',0,1,'Budapest, Kiss utca 10'),(42,NULL,'2024-03-04 22:09:19','2024-03-04 22:09:19',0,1,'Budapest, Kiss utca 10'),(43,NULL,'2024-03-04 22:10:16','2024-03-04 22:10:16',0,1,'Budapest, Kiss utca 10'),(44,NULL,'2024-03-04 22:10:34','2024-03-04 22:10:34',0,1,'Budapest, Kiss utca 10'),(45,NULL,'2024-03-04 22:12:15','2024-03-04 22:12:15',0,1,'Budapest, Kiss utca 10'),(46,NULL,'2023-11-14 12:30:00','2023-11-17 12:30:00',0,1,'123 Main Street, Budapest, Hungary'),(47,NULL,'2024-03-04 22:13:07','2024-03-04 22:13:07',0,1,'Budapest, Kiss utca 10'),(48,NULL,'2024-03-04 22:14:14','2024-03-04 22:14:14',0,1,'Budapest, Kiss utca 10'),(49,NULL,'2024-03-04 22:21:51','2024-03-04 22:21:51',0,1,'Budapest, Kiss utca 10'),(50,NULL,'2024-03-04 22:24:41','2024-03-04 22:24:41',0,1,'Budapest, Kiss utca 10'),(51,NULL,'2024-03-04 22:26:33','2024-03-04 22:26:33',0,1,'Budapest, Kiss utca 10'),(52,NULL,'2024-03-04 22:33:40','2024-03-04 22:33:40',0,1,'Budapest, Kiss utca 10'),(53,NULL,'2024-03-04 22:45:04','2024-03-04 22:45:04',0,1,'Budapest, Kiss utca 10'),(54,NULL,'2024-03-04 22:46:54','2024-03-04 22:46:54',0,1,'Budapest, Kiss utca 10'),(55,NULL,'2024-03-04 22:53:58','2024-03-04 22:53:58',0,1,'Budapest, Kiss utca 10'),(56,NULL,'2024-03-04 22:54:06','2024-03-04 22:54:06',0,1,'Budapest, Kiss utca 10'),(57,NULL,'2023-11-14 12:30:00','2023-11-17 12:30:00',0,1,'123 Main Street, Budapest, Hungary'),(58,NULL,'2024-03-04 23:58:29','2024-03-04 23:58:29',0,1,'Budapest, Kiss utca 10'),(59,NULL,'2024-03-04 23:58:32','2024-03-04 23:58:32',0,1,'Budapest, Kiss utca 10'),(60,NULL,'2024-03-04 23:58:51','2024-03-04 23:58:51',0,1,'Budapest, Kiss utca 10'),(61,NULL,'2024-03-04 23:58:52','2024-03-04 23:58:52',0,1,'Budapest, Kiss utca 10'),(62,NULL,'2024-03-05 00:01:11','2024-03-05 00:01:11',0,1,'Budapest, Kiss utca 10'),(63,NULL,'2024-03-05 00:02:45','2024-03-05 00:02:45',0,1,'Budapest, Kiss utca 10'),(64,NULL,'2024-03-05 00:02:48','2024-03-05 00:02:48',0,1,'Budapest, Kiss utca 10'),(65,NULL,'2024-03-05 00:11:02','2024-03-05 00:11:02',0,1,'Budapest, Kiss utca 10'),(66,NULL,'2024-03-05 08:58:31','2024-03-05 08:58:31',0,1,'Budapest, Kiss utca 10'),(67,NULL,'2024-03-05 09:01:32','2024-03-05 09:01:32',0,1,'Budapest, Kiss utca 10'),(68,NULL,'2024-03-05 09:12:32','2024-03-05 09:12:32',0,1,'Budapest, Kiss utca 10'),(69,NULL,'2024-03-05 09:13:07','2024-03-05 09:13:07',0,1,'Budapest, Kiss utca 10'),(70,NULL,'2024-03-05 09:13:31','2024-03-05 09:13:31',0,1,'Budapest, Kiss utca 10'),(71,NULL,'2024-03-05 09:14:57','2024-03-05 09:14:57',0,1,'Budapest, Kiss utca 10'),(72,NULL,'2024-03-05 09:15:39','2024-03-05 09:15:39',0,1,'Budapest, Kiss utca 10'),(73,NULL,'2024-03-05 09:15:50','2024-03-05 09:15:50',0,1,'Budapest, Kiss utca 10'),(74,NULL,'2024-03-05 09:16:19','2024-03-05 09:16:19',0,1,'Budapest, Kiss utca 10'),(75,NULL,'2024-03-05 09:16:22','2024-03-05 09:16:22',0,1,'Budapest, Kiss utca 10'),(76,NULL,'2024-03-05 09:16:24','2024-03-05 09:16:24',0,1,'Budapest, Kiss utca 10'),(77,NULL,'2024-03-05 09:16:40','2024-03-05 09:16:40',0,1,'Budapest, Kiss utca 10'),(78,NULL,'2024-03-05 09:22:17','2024-03-05 09:22:17',0,1,'Budapest, Kiss utca 10'),(79,NULL,'2024-03-05 09:33:31','2024-03-05 09:33:31',0,1,'Budapest, Kiss utca 10'),(80,NULL,'2024-03-05 09:39:13','2024-03-05 09:39:13',0,1,'Budapest, Kiss utca 10'),(81,NULL,'2024-03-05 09:39:17','2024-03-05 09:39:17',0,1,'Budapest, Kiss utca 10'),(82,NULL,'2024-03-05 09:39:19','2024-03-05 09:39:19',0,1,'Budapest, Kiss utca 10'),(85,NULL,'2024-03-05 09:53:51','2024-03-05 09:53:51',0,1,'Budapest, Kiss utca 10'),(86,NULL,'2024-03-05 11:46:17','2024-03-05 11:46:17',0,1,'Budapest, Kiss utca 10'),(87,NULL,'2024-03-05 12:00:25','2024-03-05 12:00:25',0,1,'Budapest, Kiss utca 10'),(88,NULL,'2024-03-05 12:00:33','2024-03-05 12:00:33',0,1,'Budapest, Kiss utca 10'),(89,NULL,'2024-03-05 12:00:38','2024-03-05 12:00:38',0,1,'Budapest, Kiss utca 10'),(90,NULL,'2024-03-05 12:01:09','2024-03-05 12:01:09',0,1,'Budapest, Kiss utca 10'),(91,NULL,'2024-03-05 12:24:23','2024-03-05 12:24:23',0,1,'Budapest, Kiss utca 10'),(92,NULL,'2024-03-05 14:59:22','2024-03-05 14:59:22',0,1,'Budapest, Kiss utca 10'),(93,NULL,'2024-03-05 15:15:14','2024-03-05 15:15:14',0,1,'Budapest, Kiss utca 10'),(94,NULL,'2024-03-05 17:00:09','2024-03-05 17:00:09',0,1,'Budapest, Kiss utca 10'),(95,NULL,'2024-03-05 17:01:00','2024-03-05 17:01:00',0,1,'Budapest, Kiss utca 10'),(96,NULL,'2024-03-05 17:09:00','2024-03-05 17:09:00',0,1,'Budapest, Kiss utca 10'),(97,NULL,'2024-03-05 17:12:11','2024-03-05 17:12:11',0,1,'Budapest, Kiss utca 10'),(99,NULL,'2024-03-05 17:15:22','2024-03-05 17:15:22',0,1,'Budapest, Kiss utca 10'),(100,NULL,'2024-03-05 17:15:35','2024-03-05 17:15:35',0,1,'Budapest, Kiss utca 10'),(101,NULL,'2024-03-05 17:18:49','2024-03-05 17:18:49',0,1,'Budapest, Kiss utca 10'),(102,NULL,'2024-03-05 17:20:24','2024-03-05 17:20:24',0,1,'Budapest, Kiss utca 10'),(103,NULL,'2024-03-05 17:20:45','2024-03-05 17:20:45',0,1,'Budapest, Kiss utca 10'),(104,NULL,'2024-03-05 17:22:16','2024-03-05 17:22:16',0,1,'Budapest, Kiss utca 10'),(105,NULL,'2024-03-05 17:22:26','2024-03-05 17:22:26',0,1,'Budapest, Kiss utca 10'),(106,NULL,'2024-03-05 17:22:47','2024-03-05 17:22:47',0,1,'Budapest, Kiss utca 10'),(107,NULL,'2024-03-05 17:27:27','2024-03-05 17:27:27',0,1,'Budapest, Kiss utca 10'),(109,NULL,'2024-03-05 17:30:04','2024-03-05 17:30:04',0,1,'Budapest, Kiss utca 10'),(111,NULL,'2024-03-05 17:50:23','2024-03-05 17:50:23',0,1,'Budapest, Kiss utca 10'),(112,NULL,'2024-03-05 17:50:56','2024-03-05 17:50:56',0,1,'Budapest, Kiss utca 10'),(113,NULL,'2024-03-05 17:51:16','2024-03-05 17:51:16',0,1,'Budapest, Kiss utca 10'),(114,NULL,'2024-03-05 18:20:17','2024-03-05 18:20:17',0,1,'Budapest, Kiss utca 10'),(115,NULL,'2024-03-05 18:28:08','2024-03-05 18:28:08',0,1,'Budapest, Kiss utca 10'),(116,NULL,'2024-03-05 18:52:20','2024-03-05 18:52:20',0,1,'Budapest, Kiss utca 10'),(121,NULL,'2024-03-05 20:24:31','2024-03-05 20:24:31',0,1,'Budapest, Kiss utca 10'),(122,NULL,'2024-03-05 20:35:47','2024-03-05 20:35:47',0,1,'Budapest, Kiss utca 10'),(124,NULL,'2024-03-06 07:08:31','2024-03-06 07:08:31',0,1,'Budapest, Kiss utca 10'),(125,NULL,'2024-03-06 07:10:42','2024-03-06 07:10:42',0,1,'Budapest, Kiss utca 10'),(126,NULL,'2024-03-06 07:10:56','2024-03-06 07:10:56',0,1,'Budapest, Kiss utca 10'),(127,NULL,'2024-03-06 07:11:47','2024-03-06 07:11:47',0,1,'Budapest, Kiss utca 10'),(128,NULL,'2024-03-06 07:15:28','2024-03-06 07:15:28',0,1,'Budapest, Kiss utca 10'),(129,NULL,'2024-03-06 07:47:38','2024-03-06 07:47:38',0,1,'Budapest, Kiss utca 10'),(130,NULL,'2024-03-06 10:13:00','2024-03-06 10:13:00',0,1,'Budapest, Kiss utca 10'),(131,NULL,'2024-03-06 10:15:01','2024-03-06 10:15:01',0,1,'Budapest, Kiss utca 10'),(132,NULL,'2024-03-06 10:15:19','2024-03-06 10:15:19',0,1,'Budapest, Kiss utca 10'),(133,NULL,'2024-03-06 13:27:14','2024-03-06 13:27:14',0,1,'Budapest, Kiss utca 10'),(134,NULL,'2024-03-06 16:23:36','2024-03-06 16:23:36',0,1,'Budapest, Kiss utca 10'),(135,NULL,'2024-03-06 18:51:47','2024-03-06 18:51:47',0,1,'Budapest, Kiss utca 10'),(136,NULL,'2024-03-07 09:39:01','2024-03-07 09:39:01',0,1,'Budapest, Kiss utca 10'),(137,NULL,'2024-03-07 09:39:27','2024-03-07 09:39:27',0,1,'Budapest, Kiss utca 10'),(138,NULL,'2024-03-07 09:39:34','2024-03-07 09:39:34',0,1,'Budapest, Kiss utca 10'),(139,NULL,'2024-03-07 09:39:43','2024-03-07 09:39:43',0,1,'Budapest, Kiss utca 10'),(140,NULL,'2024-03-07 12:10:01','2024-03-07 12:10:01',0,1,'Budapest, Kiss utca 10'),(141,NULL,'2024-03-07 14:40:16','2024-03-07 14:40:16',0,1,'Budapest, Kiss utca 10'),(142,NULL,'2024-03-07 14:43:22','2024-03-07 14:43:22',0,1,'Budapest, Kiss utca 10'),(143,NULL,'2024-03-08 09:19:24','2024-03-08 09:19:24',0,1,'Budapest, Kiss utca 10');
/*!40000 ALTER TABLE `orders` ENABLE KEYS */;
UNLOCK TABLES;

--
-- Table structure for table `roles`
--

DROP TABLE IF EXISTS `roles`;
/*!40101 SET @saved_cs_client     = @@character_set_client */;
/*!50503 SET character_set_client = utf8mb4 */;
CREATE TABLE `roles` (
  `id` int NOT NULL AUTO_INCREMENT,
  `roles` varchar(45) NOT NULL,
  PRIMARY KEY (`id`)
) ENGINE=InnoDB AUTO_INCREMENT=4 DEFAULT CHARSET=utf8mb4 COLLATE=utf8mb4_0900_ai_ci;
/*!40101 SET character_set_client = @saved_cs_client */;

--
-- Dumping data for table `roles`
--

LOCK TABLES `roles` WRITE;
/*!40000 ALTER TABLE `roles` DISABLE KEYS */;
INSERT INTO `roles` VALUES (1,'Felhasználó'),(2,'Operátor Admin'),(3,'Szuperadmin');
/*!40000 ALTER TABLE `roles` ENABLE KEYS */;
UNLOCK TABLES;

--
-- Table structure for table `strapmaterial`
--

DROP TABLE IF EXISTS `strapmaterial`;
/*!40101 SET @saved_cs_client     = @@character_set_client */;
/*!50503 SET character_set_client = utf8mb4 */;
CREATE TABLE `strapmaterial` (
  `id` int NOT NULL AUTO_INCREMENT,
  `material` varchar(45) NOT NULL,
  PRIMARY KEY (`id`)
) ENGINE=InnoDB AUTO_INCREMENT=14 DEFAULT CHARSET=utf8mb4 COLLATE=utf8mb4_0900_ai_ci;
/*!40101 SET character_set_client = @saved_cs_client */;

--
-- Dumping data for table `strapmaterial`
--

LOCK TABLES `strapmaterial` WRITE;
/*!40000 ALTER TABLE `strapmaterial` DISABLE KEYS */;
INSERT INTO `strapmaterial` VALUES (1,'Rozsdamentes acél'),(2,'Gumi'),(3,'Bőr'),(4,'Textil'),(5,'Jubilee'),(6,'Krokodil'),(7,'Vászon'),(8,'Anyag'),(9,'Szilikon'),(10,'Titánium'),(11,'Rózsaarany'),(12,'NATO szíj'),(13,'Jubilee Bracelet');
/*!40000 ALTER TABLE `strapmaterial` ENABLE KEYS */;
UNLOCK TABLES;

--
-- Table structure for table `users`
--

DROP TABLE IF EXISTS `users`;
/*!40101 SET @saved_cs_client     = @@character_set_client */;
/*!50503 SET character_set_client = utf8mb4 */;
CREATE TABLE `users` (
  `id` int NOT NULL AUTO_INCREMENT,
  `name` varchar(128) NOT NULL,
  `userEmail` varchar(45) NOT NULL,
  `password` varchar(64) NOT NULL,
  `userPhone` varchar(45) NOT NULL,
  `userVerification` tinyint(1) DEFAULT NULL,
  `userAddress` varchar(255) DEFAULT NULL,
  `role` int DEFAULT NULL,
  `newsletter` tinyint(1) DEFAULT NULL,
  `nonpass` varchar(45) DEFAULT NULL,
  PRIMARY KEY (`id`),
  UNIQUE KEY `userEmail_UNIQUE` (`userEmail`),
  UNIQUE KEY `userPhone_UNIQUE` (`userPhone`),
  KEY `roles_idx` (`role`),
  CONSTRAINT `roles` FOREIGN KEY (`role`) REFERENCES `roles` (`id`)
) ENGINE=InnoDB AUTO_INCREMENT=140 DEFAULT CHARSET=utf8mb4 COLLATE=utf8mb4_0900_ai_ci;
/*!40101 SET character_set_client = @saved_cs_client */;

--
-- Dumping data for table `users`
--

LOCK TABLES `users` WRITE;
/*!40000 ALTER TABLE `users` DISABLE KEYS */;
INSERT INTO `users` VALUES (1,'Kovács János','kovacsjani@gmail.com','0a041b9462caa4a31bac3567e0b6e6fd9100787db2ab433d96f6d178cabfce90','36123456789',0,'1234 Budapest, Kossuth u. 1.',1,0,'user1'),(2,'Nagy Emese','nagyemi@hotmail.com','6cf615d5bcaac778352a8f1f3360d23f02f34ec182e259897fd6ce485d7870d4','36987654321',0,'5678 Debrecen, Petőfi tér 2.',2,0,NULL),(3,'Molnár Misi','molnarmisi@random.hu','5906ac361a137e2d286465cd6588ebb5ac3f5ae955001100bc41577c3d751764','36555666777',0,'3456 Szeged, Rákóczi út 3.',3,0,NULL),(4,'Kiss Sára','kisssaci@gmail.com','5269ef980de47819ba3d14340f4665262c41e933dc92c1a27dd5d01b047ac80e','36222333444',1,'2345 Pécs, Alkotmány krt. 4.',1,0,NULL),(5,'Barta Dániel','bartadan@freemail.com','8b2c86ea9cf2ea4eb517fd1e06b74f399e7fec0fef92e3b482a6cf2e2b092023','36777888999',1,'4567 Győr, Fő tér 5.',2,0,NULL),(6,'Varga Jessica','vargajessz@citromail.com','598a1a400c1dfdf36974e69d7e1bc98593f2e15015eed8e9b7e47a83b31693d5','36111222333',0,'7890 Miskolc, Kossuth tér 6.',1,1,NULL),(7,'Fehér Dávid','feherdave@gmail.com','5860836e8f13fc9837539a597d4086bfc0299e54ad92148d54538b5c3feefb7c','36444555666',0,'8901 Székesfehérvár, Baross u. 7.',1,1,NULL),(8,'Szabó Olivér','szabooliver@gmail.com','57f3ebab63f156fd8f776ba645a55d96360a15eeffc8b0e4afe4c05fa88219aa','36666777888',1,'6789 Veszprém, Jókai u. 8.',1,1,NULL),(9,'Takács Ernő','takacserni@gmail.com','9323dd6786ebcbf3ac87357cc78ba1abfda6cf5e55cd01097b90d4a286cac90e','36333444555',1,'1234 Szombathely, Bajcsy-Zs. u. 9.',1,0,NULL),(10,'Simon Ágnes','simonagi@freemail.com','aa4a9ea03fcac15b5fc63c949ac34e7b0fd17906716ac3b8e58c599cdc5a52f0','36888999000',1,'2345 Eger, Dobozi út 10.',1,1,NULL),(12,'Kiss Feri','feri@gmail.com','a441b15fe9a3cf56661190a0b93b9dec7d04127288cc87250967cf3b52894d11','0',NULL,NULL,NULL,NULL,NULL),(13,'Random Jani','jani@gmail.com','a441b15fe9a3cf56661190a0b93b9dec7d04127288cc87250967cf3b52894d11','1',NULL,NULL,NULL,NULL,NULL),(44,'Mészáros Sándor','isandormeszaros6@gmail.com','11341aaaf764a1598fd0574b852a01cfd70c6ec180ec1b7b5bfe3c930e0efa76','2',NULL,NULL,NULL,NULL,NULL),(45,'Mészáros Sándor','isandormeszaros@gmail.com','11341aaaf764a1598fd0574b852a01cfd70c6ec180ec1b7b5bfe3c930e0efa76','3',NULL,NULL,NULL,NULL,NULL),(57,'Random ','random@gmail.com','6c0db8f0df2848bc8fcf2a3be49f89e8a221f3df7e9be4168fa7dfa26867ffc3','4',NULL,NULL,NULL,NULL,NULL),(58,'Virágka','viragka@gmail.com','26837b01b647b719b793488e1a2fe0d7bba4d174992d5305070512d659b36371','5',NULL,NULL,NULL,NULL,NULL),(78,'fafdsafsa','isandormeszaros1@gmail.com','443ed65910096ecb0a9f7e7af343c79d2cd155cf18aeb7cd47bb7f118cca38cc','7',NULL,NULL,NULL,NULL,NULL),(80,'fafdsafsa','isandormeszaros11@gmail.com','443ed65910096ecb0a9f7e7af343c79d2cd155cf18aeb7cd47bb7f118cca38cc','8',NULL,NULL,NULL,NULL,NULL),(82,'fafdsafsa','isandormeszaros111@gmail.com','443ed65910096ecb0a9f7e7af343c79d2cd155cf18aeb7cd47bb7f118cca38cc','9',NULL,NULL,NULL,NULL,NULL),(83,'fafdsafsa','isandormeszaros1111@gmail.com','443ed65910096ecb0a9f7e7af343c79d2cd155cf18aeb7cd47bb7f118cca38cc','10',NULL,NULL,NULL,NULL,NULL),(86,'Kiss Béla','bela123@gmail.com','6025d18fe48abd45168528f18a82e265dd98d421a7084aa09f61b341703901a3','36',NULL,NULL,NULL,NULL,NULL),(89,'Kiss Béla','bela1233@gmail.com','6025d18fe48abd45168528f18a82e265dd98d421a7084aa09f61b341703901a3','30',NULL,NULL,NULL,NULL,NULL),(91,'Kiss Béla','bela12133@gmail.com','6025d18fe48abd45168528f18a82e265dd98d421a7084aa09f61b341703901a3','302266285',NULL,NULL,NULL,NULL,NULL),(93,'Kiss Béla','bela121313@gmail.com','6025d18fe48abd45168528f18a82e265dd98d421a7084aa09f61b341703901a3','302263285',NULL,NULL,NULL,NULL,NULL),(95,'Kiss Béla','Rando1m@gmail.com','09ea2f9a0f334cea5a0af7acaa6dee937f80a1e6d9b3a289835fae42b1951133','301266285',NULL,NULL,NULL,NULL,NULL),(98,'Kiss Béla','Rando1m1@gmail.com','09ea2f9a0f334cea5a0af7acaa6dee937f80a1e6d9b3a289835fae42b1951133','302843984',NULL,NULL,NULL,NULL,NULL),(103,'Kiss Béla','Ran1do11m11@gmail.com','09ea2f9a0f334cea5a0af7acaa6dee937f80a1e6d9b3a289835fae42b1951133','302843983',NULL,NULL,NULL,NULL,NULL),(123,'test','test@gmail.com','1e96991b5c6212e739d5091cd4fbfdf566bd855f885e72005b7430ddd2d7517d','301266384',NULL,NULL,NULL,NULL,NULL),(128,'usertester','tester@gmail.com','a441b15fe9a3cf56661190a0b93b9dec7d04127288cc87250967cf3b52894d11','301266295',NULL,'ranodm',NULL,NULL,NULL),(131,'userx','userx10@gmail.com','443ed65910096ecb0a9f7e7af343c79d2cd155cf18aeb7cd47bb7f118cca38cc','301459384',NULL,NULL,NULL,NULL,NULL),(132,'isandor','enter@gmail.com','443ed65910096ecb0a9f7e7af343c79d2cd155cf18aeb7cd47bb7f118cca38cc','301259895',NULL,NULL,NULL,NULL,NULL),(133,'user1000','user100@gmail.com','a058490e5200a0bb2a722172125d26bfafac725b9ad2e0de93adf8eb3324d7d5','302769485',NULL,NULL,NULL,NULL,NULL),(134,'random','testrandom@gmail.com','443ed65910096ecb0a9f7e7af343c79d2cd155cf18aeb7cd47bb7f118cca38cc','301269482',NULL,NULL,NULL,NULL,NULL),(135,'ranodm10','randio@gmail.com','443ed65910096ecb0a9f7e7af343c79d2cd155cf18aeb7cd47bb7f118cca38cc','301279843',NULL,NULL,NULL,NULL,NULL),(137,'isandormeszaros','isandormeszaros1000@gmail.com','443ed65910096ecb0a9f7e7af343c79d2cd155cf18aeb7cd47bb7f118cca38cc','3012687329',NULL,'',NULL,NULL,NULL),(138,'user10','user10@gmail.com','443ed65910096ecb0a9f7e7af343c79d2cd155cf18aeb7cd47bb7f118cca38cc','30127845',NULL,'',NULL,NULL,NULL);
/*!40000 ALTER TABLE `users` ENABLE KEYS */;
UNLOCK TABLES;

--
-- Table structure for table `validemail`
--

DROP TABLE IF EXISTS `validemail`;
/*!40101 SET @saved_cs_client     = @@character_set_client */;
/*!50503 SET character_set_client = utf8mb4 */;
CREATE TABLE `validemail` (
  `id` int NOT NULL AUTO_INCREMENT,
  `email` varchar(45) DEFAULT NULL,
  PRIMARY KEY (`id`)
) ENGINE=InnoDB AUTO_INCREMENT=8193 DEFAULT CHARSET=utf8mb4 COLLATE=utf8mb4_0900_ai_ci;
/*!40101 SET character_set_client = @saved_cs_client */;

--
-- Dumping data for table `validemail`
--

LOCK TABLES `validemail` WRITE;
/*!40000 ALTER TABLE `validemail` DISABLE KEYS */;
INSERT INTO `validemail` VALUES (1,'0-mail.com'),(2,'0-mail.com'),(3,'007addict.com'),(4,'020.co.uk'),(5,'027168.com'),(6,'0815.ru'),(7,'0815.su'),(8,'0clickemail.com'),(9,'0sg.net'),(10,'0wnd.net'),(11,'0wnd.org'),(12,'1033edge.com'),(13,'10mail.org'),(14,'10minutemail.co.za'),(15,'10minutemail.com'),(16,'11mail.com'),(17,'123-m.com'),(18,'123.com'),(19,'123box.net'),(20,'123india.com'),(21,'123mail.cl'),(22,'123mail.org'),(23,'123qwe.co.uk'),(24,'126.cn'),(25,'126.com'),(26,'126.net'),(27,'138mail.com'),(28,'139.com'),(29,'150mail.com'),(30,'150ml.com'),(31,'15meg4free.com'),(32,'163.com'),(33,'16mail.com'),(34,'188.com'),(35,'189.cn'),(36,'1auto.com'),(37,'1ce.us'),(38,'1chuan.com'),(39,'1colony.com'),(40,'1coolplace.com'),(41,'1email.eu'),(42,'1freeemail.com'),(43,'1fsdfdsfsdf.tk'),(44,'1funplace.com'),(45,'1internetdrive.com'),(46,'1mail.ml'),(47,'1mail.net'),(48,'1me.net'),(49,'1mum.com'),(50,'1musicrow.com'),(51,'1netdrive.com'),(52,'1nsyncfan.com'),(53,'1pad.de'),(54,'1under.com'),(55,'1webave.com'),(56,'1webhighway.com'),(57,'1zhuan.com'),(58,'2-mail.com'),(59,'20email.eu'),(60,'20mail.in'),(61,'20mail.it'),(62,'20minutemail.com'),(63,'212.com'),(64,'21cn.com'),(65,'247emails.com'),(66,'24horas.com'),(67,'2911.net'),(68,'2980.com'),(69,'2bmail.co.uk'),(70,'2coolforyou.net'),(71,'2d2i.com'),(72,'2die4.com'),(73,'2fdgdfgdfgdf.tk'),(74,'2hotforyou.net'),(75,'2mydns.com'),(76,'2net.us'),(77,'2prong.com'),(78,'2trom.com'),(79,'3000.it'),(80,'30minutemail.com'),(81,'30minutesmail.com'),(82,'3126.com'),(83,'321media.com'),(84,'33mail.com'),(85,'360.ru'),(86,'37.com'),(87,'3ammagazine.com'),(88,'3dmail.com'),(89,'3email.com'),(90,'3g.ua'),(91,'3mail.ga'),(92,'3trtretgfrfe.tk'),(93,'3xl.net'),(94,'444.net'),(95,'4email.com'),(96,'4email.net'),(97,'4gfdsgfdgfd.tk'),(98,'4mg.com'),(99,'4newyork.com'),(100,'4warding.com'),(101,'4warding.net'),(102,'4warding.org'),(103,'4x4fan.com'),(104,'4x4man.com'),(105,'50mail.com'),(106,'5fm.za.com'),(107,'5ghgfhfghfgh.tk'),(108,'5iron.com'),(109,'5star.com'),(110,'60minutemail.com'),(111,'6hjgjhgkilkj.tk'),(112,'6ip.us'),(113,'6mail.cf'),(114,'6paq.com'),(115,'702mail.co.za'),(116,'74.ru'),(117,'7mail.ga'),(118,'7mail.ml'),(119,'7tags.com'),(120,'88.am'),(121,'8848.net'),(122,'888.nu'),(123,'8mail.ga'),(124,'8mail.ml'),(125,'97rock.com'),(126,'99experts.com'),(127,'9ox.net'),(128,'a-bc.net'),(129,'a-player.org'),(130,'a2z4u.net'),(131,'a45.in'),(132,'aaamail.zzn.com'),(133,'aahlife.com'),(134,'aamail.net'),(135,'aapt.net.au'),(136,'aaronkwok.net'),(137,'abbeyroadlondon.co.uk'),(138,'abcflash.net'),(139,'abdulnour.com'),(140,'aberystwyth.com'),(141,'abolition-now.com'),(142,'about.com'),(143,'absolutevitality.com'),(144,'abusemail.de'),(145,'abv.bg'),(146,'abwesend.de'),(147,'abyssmail.com'),(148,'ac20mail.in'),(149,'academycougars.com'),(150,'acceso.or.cr'),(151,'access4less.net'),(152,'accessgcc.com'),(153,'accountant.com'),(154,'acdcfan.com'),(155,'acdczone.com'),(156,'ace-of-base.com'),(157,'acmecity.com'),(158,'acmemail.net'),(159,'acninc.net'),(160,'acrobatmail.com'),(161,'activatormail.com'),(162,'activist.com'),(163,'adam.com.au'),(164,'add3000.pp.ua'),(165,'addcom.de'),(166,'address.com'),(167,'adelphia.net'),(168,'adexec.com'),(169,'adfarrow.com'),(170,'adinet.com.uy'),(171,'adios.net'),(172,'admin.in.th'),(173,'administrativos.com'),(174,'adoption.com'),(175,'ados.fr'),(176,'adrenalinefreak.com'),(177,'adres.nl'),(178,'advalvas.be'),(179,'advantimo.com'),(180,'aeiou.pt'),(181,'aemail4u.com'),(182,'aeneasmail.com'),(183,'afreeinternet.com'),(184,'africa-11.com'),(185,'africamail.com'),(186,'africamel.net'),(187,'africanpartnersonline.com'),(188,'afrobacon.com'),(189,'ag.us.to'),(190,'agedmail.com'),(191,'agelessemail.com'),(192,'agoodmail.com'),(193,'ahaa.dk'),(194,'ahk.jp'),(195,'aichi.com'),(196,'aim.com'),(197,'aircraftmail.com'),(198,'airforce.net'),(199,'airforceemail.com'),(200,'airpost.net'),(201,'aiutamici.com'),(202,'ajacied.com'),(203,'ajaxapp.net'),(204,'ak47.hu'),(205,'aknet.kg'),(206,'akphantom.com'),(207,'albawaba.com'),(208,'alecsmail.com'),(209,'alex4all.com'),(210,'alexandria.cc'),(211,'algeria.com'),(212,'algeriamail.com'),(213,'alhilal.net'),(214,'alibaba.com'),(215,'alice.it'),(216,'aliceadsl.fr'),(217,'aliceinchainsmail.com'),(218,'alivance.com'),(219,'alive.cz'),(220,'aliyun.com'),(221,'allergist.com'),(222,'allmail.net'),(223,'alloymail.com'),(224,'allracing.com'),(225,'allsaintsfan.com'),(226,'alltel.net'),(227,'alpenjodel.de'),(228,'alphafrau.de'),(229,'alskens.dk'),(230,'altavista.com'),(231,'altavista.net'),(232,'altavista.se'),(233,'alternativagratis.com'),(234,'alumni.com'),(235,'alumnidirector.com'),(236,'alvilag.hu'),(237,'ama-trade.de'),(238,'amail.com'),(239,'amazonses.com'),(240,'amele.com'),(241,'america.hm'),(242,'ameritech.net'),(243,'amilegit.com'),(244,'amiri.net'),(245,'amiriindustries.com'),(246,'amnetsal.com'),(247,'amorki.pl'),(248,'amrer.net'),(249,'amuro.net'),(250,'amuromail.com'),(251,'ananzi.co.za'),(252,'ancestry.com'),(253,'andreabocellimail.com'),(254,'andylau.net'),(255,'anfmail.com'),(256,'angelfan.com'),(257,'angelfire.com'),(258,'angelic.com'),(259,'animail.net'),(260,'animal.net'),(261,'animalhouse.com'),(262,'animalwoman.net'),(263,'anjungcafe.com'),(264,'anniefans.com'),(265,'annsmail.com'),(266,'ano-mail.net'),(267,'anonmails.de'),(268,'anonymbox.com'),(269,'anonymous.to'),(270,'anote.com'),(271,'another.com'),(272,'anotherdomaincyka.tk'),(273,'anotherwin95.com'),(274,'anti-ignorance.net'),(275,'anti-social.com'),(276,'antichef.com'),(277,'antichef.net'),(278,'antiqueemail.com'),(279,'antireg.ru'),(280,'antisocial.com'),(281,'antispam.de'),(282,'antispam24.de'),(283,'antispammail.de'),(284,'antongijsen.com'),(285,'antwerpen.com'),(286,'anymoment.com'),(287,'anytimenow.com'),(288,'aol.co.uk'),(289,'aol.com'),(290,'aol.de'),(291,'aol.fr'),(292,'aol.it'),(293,'aol.jp'),(294,'aon.at'),(295,'apexmail.com'),(296,'apmail.com'),(297,'apollo.lv'),(298,'aport.ru'),(299,'aport2000.ru'),(300,'apple.sib.ru'),(301,'appraiser.net'),(302,'approvers.net'),(303,'aquaticmail.net'),(304,'arabia.com'),(305,'arabtop.net'),(306,'arcademaster.com'),(307,'archaeologist.com'),(308,'archerymail.com'),(309,'arcor.de'),(310,'arcotronics.bg'),(311,'arcticmail.com'),(312,'argentina.com'),(313,'arhaelogist.com'),(314,'aristotle.org'),(315,'army.net'),(316,'armyspy.com'),(317,'arnet.com.ar'),(318,'art-en-ligne.pro'),(319,'artistemail.com'),(320,'artlover.com'),(321,'artlover.com.au'),(322,'artman-conception.com'),(323,'as-if.com'),(324,'asdasd.nl'),(325,'asean-mail'),(326,'asean-mail.com'),(327,'asheville.com'),(328,'asia-links.com'),(329,'asia-mail.com'),(330,'asia.com'),(331,'asiafind.com'),(332,'asianavenue.com'),(333,'asiancityweb.com'),(334,'asiansonly.net'),(335,'asianwired.net'),(336,'asiapoint.net'),(337,'askaclub.ru'),(338,'ass.pp.ua'),(339,'assala.com'),(340,'assamesemail.com'),(341,'astroboymail.com'),(342,'astrolover.com'),(343,'astrosfan.com'),(344,'astrosfan.net'),(345,'asurfer.com'),(346,'atheist.com'),(347,'athenachu.net'),(348,'atina.cl'),(349,'atl.lv'),(350,'atlas.cz'),(351,'atlaswebmail.com'),(352,'atlink.com'),(353,'atmc.net'),(354,'ato.check.com'),(355,'atozasia.com'),(356,'atrus.ru'),(357,'att.net'),(358,'attglobal.net'),(359,'attymail.com'),(360,'au.ru'),(361,'auctioneer.net'),(362,'aufeminin.com'),(363,'aus-city.com'),(364,'ausi.com'),(365,'aussiemail.com.au'),(366,'austin.rr.com'),(367,'australia.edu'),(368,'australiamail.com'),(369,'austrosearch.net'),(370,'autoescuelanerja.com'),(371,'autograf.pl'),(372,'automail.ru'),(373,'automotiveauthority.com'),(374,'autorambler.ru'),(375,'aver.com'),(376,'avh.hu'),(377,'avia-tonic.fr'),(378,'avtoritet.ru'),(379,'awayonvacation.com'),(380,'awholelotofamechi.com'),(381,'awsom.net'),(382,'axoskate.com'),(383,'ayna.com'),(384,'azazazatashkent.tk'),(385,'azimiweb.com'),(386,'azmeil.tk'),(387,'bachelorboy.com'),(388,'bachelorgal.com'),(389,'backfliper.com'),(390,'backpackers.com'),(391,'backstreet-boys.com'),(392,'backstreetboysclub.com'),(393,'backtothefuturefans.com'),(394,'backwards.com'),(395,'badtzmail.com'),(396,'bagherpour.com'),(397,'bahrainmail.com'),(398,'bakpaka.com'),(399,'bakpaka.net'),(400,'baldmama.de'),(401,'baldpapa.de'),(402,'ballerstatus.net'),(403,'ballyfinance.com'),(404,'balochistan.org'),(405,'baluch.com'),(406,'bangkok.com'),(407,'bangkok2000.com'),(408,'bannertown.net'),(409,'baptistmail.com'),(410,'baptized.com'),(411,'barcelona.com'),(412,'bareed.ws'),(413,'barid.com'),(414,'barlick.net'),(415,'bartender.net'),(416,'baseball-email.com'),(417,'baseballmail.com'),(418,'basketballmail.com'),(419,'batuta.net'),(420,'baudoinconsulting.com'),(421,'baxomale.ht.cx'),(422,'bboy.com'),(423,'bboy.zzn.com'),(424,'bcvibes.com'),(425,'beddly.com'),(426,'beeebank.com'),(427,'beefmilk.com'),(428,'beenhad.com'),(429,'beep.ru'),(430,'beer.com'),(431,'beerandremotes.com'),(432,'beethoven.com'),(433,'beirut.com'),(434,'belice.com'),(435,'belizehome.com'),(436,'belizemail.net'),(437,'belizeweb.com'),(438,'bell.net'),(439,'bellair.net'),(440,'bellsouth.net'),(441,'berkscounty.com'),(442,'berlin.com'),(443,'berlin.de'),(444,'berlinexpo.de'),(445,'bestmail.us'),(446,'betriebsdirektor.de'),(447,'bettergolf.net'),(448,'bharatmail.com'),(449,'big1.us'),(450,'big5mail.com'),(451,'bigassweb.com'),(452,'bigblue.net.au'),(453,'bigboab.com'),(454,'bigfoot.com'),(455,'bigfoot.de'),(456,'bigger.com'),(457,'biggerbadder.com'),(458,'bigmailbox.com'),(459,'bigmir.net'),(460,'bigpond.au'),(461,'bigpond.com'),(462,'bigpond.com.au'),(463,'bigpond.net'),(464,'bigpond.net.au'),(465,'bigramp.com'),(466,'bigstring.com'),(467,'bikemechanics.com'),(468,'bikeracer.com'),(469,'bikeracers.net'),(470,'bikerider.com'),(471,'billsfan.com'),(472,'billsfan.net'),(473,'bimamail.com'),(474,'bimla.net'),(475,'bin-wieder-da.de'),(476,'binkmail.com'),(477,'bio-muesli.info'),(478,'bio-muesli.net'),(479,'biologyfan.com'),(480,'birdfanatic.com'),(481,'birdlover.com'),(482,'birdowner.net'),(483,'bisons.com'),(484,'bitmail.com'),(485,'bitpage.net'),(486,'bizhosting.com'),(487,'bk.ru'),(488,'bkkmail.com'),(489,'bla-bla.com'),(490,'blackburnfans.com'),(491,'blackburnmail.com'),(492,'blackplanet.com'),(493,'blader.com'),(494,'bladesmail.net'),(495,'blazemail.com'),(496,'bleib-bei-mir.de'),(497,'blink182.net'),(498,'blockfilter.com'),(499,'blogmyway.org'),(500,'blondandeasy.com'),(501,'bluebottle.com'),(502,'bluehyppo.com'),(503,'bluemail.ch'),(504,'bluemail.dk'),(505,'bluesfan.com'),(506,'bluewin.ch'),(507,'blueyonder.co.uk'),(508,'blumail.org'),(509,'blushmail.com'),(510,'blutig.me'),(511,'bmlsports.net'),(512,'boardermail.com'),(513,'boarderzone.com'),(514,'boatracers.com'),(515,'bobmail.info'),(516,'bodhi.lawlita.com'),(517,'bofthew.com'),(518,'bol.com.br'),(519,'bolando.com'),(520,'bollywoodz.com'),(521,'bolt.com'),(522,'boltonfans.com'),(523,'bombdiggity.com'),(524,'bonbon.net'),(525,'boom.com'),(526,'bootmail.com'),(527,'bootybay.de'),(528,'bornagain.com'),(529,'bornnaked.com'),(530,'bossofthemoss.com'),(531,'bostonoffice.com'),(532,'boun.cr'),(533,'bounce.net'),(534,'bounces.amazon.com'),(535,'bouncr.com'),(536,'box.az'),(537,'box.ua'),(538,'boxbg.com'),(539,'boxemail.com'),(540,'boxformail.in'),(541,'boxfrog.com'),(542,'boximail.com'),(543,'boyzoneclub.com'),(544,'bradfordfans.com'),(545,'brasilia.net'),(546,'bratan.ru'),(547,'brazilmail.com'),(548,'brazilmail.com.br'),(549,'breadtimes.press'),(550,'breakthru.com'),(551,'breathe.com'),(552,'brefmail.com'),(553,'brennendesreich.de'),(554,'bresnan.net'),(555,'brestonline.com'),(556,'brew-master.com'),(557,'brew-meister.com'),(558,'brfree.com.br'),(559,'briefemail.com'),(560,'bright.net'),(561,'britneyclub.com'),(562,'brittonsign.com'),(563,'broadcast.net'),(564,'broadwaybuff.com'),(565,'broadwaylove.com'),(566,'brokeandhappy.com'),(567,'brokenvalve.com'),(568,'brujula.net'),(569,'brunetka.ru'),(570,'brusseler.com'),(571,'bsdmail.com'),(572,'bsnow.net'),(573,'bspamfree.org'),(574,'bt.com'),(575,'btcc.org'),(576,'btcmail.pw'),(577,'btconnect.co.uk'),(578,'btconnect.com'),(579,'btinternet.com'),(580,'btopenworld.co.uk'),(581,'buerotiger.de'),(582,'buffymail.com'),(583,'bugmenot.com'),(584,'bulgaria.com'),(585,'bullsfan.com'),(586,'bullsgame.com'),(587,'bumerang.ro'),(588,'bumpymail.com'),(589,'bumrap.com'),(590,'bund.us'),(591,'bunita.net'),(592,'bunko.com'),(593,'burnthespam.info'),(594,'burntmail.com'),(595,'burstmail.info'),(596,'buryfans.com'),(597,'bushemail.com'),(598,'business-man.com'),(599,'businessman.net'),(600,'businessweekmail.com'),(601,'bust.com'),(602,'busta-rhymes.com'),(603,'busymail.com'),(604,'busymail.com.com'),(605,'busymail.comhomeart.com'),(606,'butch-femme.net'),(607,'butovo.net'),(608,'buyersusa.com'),(609,'buymoreplays.com'),(610,'buzy.com'),(611,'bvhrk.com'),(612,'bvhrs.com'),(613,'bvimailbox.com'),(614,'byke.com'),(615,'byom.de'),(616,'byteme.com'),(617,'c2.hu'),(618,'c2i.net'),(619,'c3.hu'),(620,'c4.com'),(621,'c51vsgq.com'),(622,'cabacabana.com'),(623,'cable.comcast.com'),(624,'cableone.net'),(625,'caere.it'),(626,'cairomail.com'),(627,'calcuttaads.com'),(628,'calendar-server.bounces.google.com'),(629,'calidifontain.be'),(630,'californiamail.com'),(631,'callnetuk.com'),(632,'callsign.net'),(633,'caltanet.it'),(634,'camidge.com'),(635,'canada-11.com'),(636,'canada.com'),(637,'canadianmail.com'),(638,'canoemail.com'),(639,'cantv.net'),(640,'canwetalk.com'),(641,'caramail.com'),(642,'card.zp.ua'),(643,'care2.com'),(644,'careceo.com'),(645,'careerbuildermail.com'),(646,'carioca.net'),(647,'cartelera.org'),(648,'cartestraina.ro'),(649,'casablancaresort.com'),(650,'casema.nl'),(651,'cash4u.com'),(652,'cashette.com'),(653,'casino.com'),(654,'casualdx.com'),(655,'cataloniamail.com'),(656,'cataz.com'),(657,'catcha.com'),(658,'catchamail.com'),(659,'catemail.com'),(660,'catholic.org'),(661,'catlover.com'),(662,'catsrule.garfield.com'),(663,'ccnmail.com'),(664,'cd2.com'),(665,'cek.pm'),(666,'celineclub.com'),(667,'celtic.com'),(668,'center-mail.de'),(669,'centermail.at'),(670,'centermail.com'),(671,'centermail.de'),(672,'centermail.info'),(673,'centermail.net'),(674,'centoper.it'),(675,'centralpets.com'),(676,'centrum.cz'),(677,'centrum.sk'),(678,'centurylink.net'),(679,'centurytel.net'),(680,'certifiedmail.com'),(681,'cfl.rr.com'),(682,'cgac.es'),(683,'cghost.s-a-d.de'),(684,'chacuo.net'),(685,'chaiyo.com'),(686,'chaiyomail.com'),(687,'chalkmail.net'),(688,'chammy.info'),(689,'chance2mail.com'),(690,'chandrasekar.net'),(691,'channelonetv.com'),(692,'charityemail.com'),(693,'charmedmail.com'),(694,'charter.com'),(695,'charter.net'),(696,'chat.ru'),(697,'chatlane.ru'),(698,'chattown.com'),(699,'chauhanweb.com'),(700,'cheatmail.de'),(701,'chechnya.conf.work'),(702,'check.com'),(703,'check.com12'),(704,'check1check.com'),(705,'cheeb.com'),(706,'cheerful.com'),(707,'chef.net'),(708,'chefmail.com'),(709,'chek.com'),(710,'chello.nl'),(711,'chemist.com'),(712,'chequemail.com'),(713,'cheshiremail.com'),(714,'cheyenneweb.com'),(715,'chez.com'),(716,'chickmail.com'),(717,'chil-e.com'),(718,'childrens.md'),(719,'childsavetrust.org'),(720,'china.com'),(721,'china.net.vg'),(722,'chinalook.com'),(723,'chinamail.com'),(724,'chinesecool.com'),(725,'chirk.com'),(726,'chocaholic.com.au'),(727,'chocofan.com'),(728,'chogmail.com'),(729,'choicemail1.com'),(730,'chong-mail.com'),(731,'chong-mail.net'),(732,'christianmail.net'),(733,'chronicspender.com'),(734,'churchusa.com'),(735,'cia-agent.com'),(736,'cia.hu'),(737,'ciaoweb.it'),(738,'cicciociccio.com'),(739,'cincinow.net'),(740,'cirquefans.com'),(741,'citeweb.net'),(742,'citiz.net'),(743,'citlink.net'),(744,'city-of-bath.org'),(745,'city-of-birmingham.com'),(746,'city-of-brighton.org'),(747,'city-of-cambridge.com'),(748,'city-of-coventry.com'),(749,'city-of-edinburgh.com'),(750,'city-of-lichfield.com'),(751,'city-of-lincoln.com'),(752,'city-of-liverpool.com'),(753,'city-of-manchester.com'),(754,'city-of-nottingham.com'),(755,'city-of-oxford.com'),(756,'city-of-swansea.com'),(757,'city-of-westminster.com'),(758,'city-of-westminster.net'),(759,'city-of-york.net'),(760,'city2city.com'),(761,'citynetusa.com'),(762,'cityofcardiff.net'),(763,'cityoflondon.org'),(764,'ciudad.com.ar'),(765,'ckaazaza.tk'),(766,'claramail.com'),(767,'classicalfan.com'),(768,'classicmail.co.za'),(769,'clear.net.nz'),(770,'clearwire.net'),(771,'clerk.com'),(772,'clickforadate.com'),(773,'cliffhanger.com'),(774,'clixser.com'),(775,'close2you.ne'),(776,'close2you.net'),(777,'clrmail.com'),(778,'club-internet.fr'),(779,'club4x4.net'),(780,'clubalfa.com'),(781,'clubbers.net'),(782,'clubducati.com'),(783,'clubhonda.net'),(784,'clubmember.org'),(785,'clubnetnoir.com'),(786,'clubvdo.net'),(787,'cluemail.com'),(788,'cmail.net'),(789,'cmail.org'),(790,'cmail.ru'),(791,'cmpmail.com'),(792,'cmpnetmail.com'),(793,'cnegal.com'),(794,'cnnsimail.com'),(795,'cntv.cn'),(796,'cock.li'),(797,'codec.ro'),(798,'codec.ro.ro'),(799,'codec.roemail.ro'),(800,'coder.hu'),(801,'coid.biz'),(802,'coldemail.info'),(803,'coldmail.com'),(804,'collectiblesuperstore.com'),(805,'collector.org'),(806,'collegebeat.com'),(807,'collegeclub.com'),(808,'collegemail.com'),(809,'colleges.com'),(810,'columbus.rr.com'),(811,'columbusrr.com'),(812,'columnist.com'),(813,'comast.com'),(814,'comast.net'),(815,'comcast.com'),(816,'comcast.net'),(817,'comic.com'),(818,'communityconnect.com'),(819,'complxmind.com'),(820,'comporium.net'),(821,'comprendemail.com'),(822,'compuserve.com'),(823,'computer-expert.net'),(824,'computer-freak.com'),(825,'computer4u.com'),(826,'computerconfused.com'),(827,'computermail.net'),(828,'computernaked.com'),(829,'conexcol.com'),(830,'cong.ru'),(831,'conk.com'),(832,'connect4free.net'),(833,'connectbox.com'),(834,'conok.com'),(835,'consultant.com'),(836,'consumerriot.com'),(837,'contractor.net'),(838,'contrasto.cu.cc'),(839,'cookiemonster.com'),(840,'cool.br'),(841,'cool.fr.nf'),(842,'coole-files.de'),(843,'coolgoose.ca'),(844,'coolgoose.com'),(845,'coolkiwi.com'),(846,'coollist.com'),(847,'coolmail.com'),(848,'coolmail.net'),(849,'coolrio.com'),(850,'coolsend.com'),(851,'coolsite.net'),(852,'cooooool.com'),(853,'cooperation.net'),(854,'cooperationtogo.net'),(855,'copacabana.com'),(856,'copper.net'),(857,'copticmail.com'),(858,'cornells.com'),(859,'cornerpub.com'),(860,'corporatedirtbag.com'),(861,'correo.terra.com.gt'),(862,'corrsfan.com'),(863,'cortinet.com'),(864,'cosmo.com'),(865,'cotas.net'),(866,'counsellor.com'),(867,'countrylover.com'),(868,'courriel.fr.nf'),(869,'courrieltemporaire.com'),(870,'cox.com'),(871,'cox.net'),(872,'coxinet.net'),(873,'cpaonline.net'),(874,'cracker.hu'),(875,'craftemail.com'),(876,'crapmail.org'),(877,'crazedanddazed.com'),(878,'crazy.ru'),(879,'crazymailing.com'),(880,'crazysexycool.com'),(881,'crewstart.com'),(882,'cristianemail.com'),(883,'critterpost.com'),(884,'croeso.com'),(885,'crosshairs.com'),(886,'crosswinds.net'),(887,'crunkmail.com'),(888,'crwmail.com'),(889,'cry4helponline.com'),(890,'cryingmail.com'),(891,'cs.com'),(892,'csinibaba.hu'),(893,'cubiclink.com'),(894,'cuemail.com'),(895,'cumbriamail.com'),(896,'curio-city.com'),(897,'curryworld.de'),(898,'curtsmail.com'),(899,'cust.in'),(900,'cute-girl.com'),(901,'cuteandcuddly.com'),(902,'cutekittens.com'),(903,'cutey.com'),(904,'cuvox.de'),(905,'cww.de'),(906,'cyber-africa.net'),(907,'cyber-innovation.club'),(908,'cyber-matrix.com'),(909,'cyber-phone.eu'),(910,'cyber-wizard.com'),(911,'cyber4all.com'),(912,'cyberbabies.com'),(913,'cybercafemaui.com'),(914,'cybercity-online.net'),(915,'cyberdude.com'),(916,'cyberforeplay.net'),(917,'cybergal.com'),(918,'cybergrrl.com'),(919,'cyberinbox.com'),(920,'cyberleports.com'),(921,'cybermail.net'),(922,'cybernet.it'),(923,'cyberservices.com'),(924,'cyberspace-asia.com'),(925,'cybertrains.org'),(926,'cyclefanz.com'),(927,'cymail.net'),(928,'cynetcity.com'),(929,'d3p.dk'),(930,'dabsol.net'),(931,'dacoolest.com'),(932,'dadacasa.com'),(933,'daha.com'),(934,'dailypioneer.com'),(935,'dallas.theboys.com'),(936,'dallasmail.com'),(937,'dandikmail.com'),(938,'dangerous-minds.com'),(939,'dansegulvet.com'),(940,'dasdasdascyka.tk'),(941,'data54.com'),(942,'date.by'),(943,'daum.net'),(944,'davegracey.com'),(945,'dawnsonmail.com'),(946,'dawsonmail.com'),(947,'dayrep.com'),(948,'dazedandconfused.com'),(949,'dbzmail.com'),(950,'dcemail.com'),(951,'dcsi.net'),(952,'ddns.org'),(953,'deadaddress.com'),(954,'deadlymob.org'),(955,'deadspam.com'),(956,'deafemail.net'),(957,'deagot.com'),(958,'deal-maker.com'),(959,'dearriba.com'),(960,'death-star.com'),(961,'deepseafisherman.net'),(962,'deforestationsucks.com'),(963,'degoo.com'),(964,'dejanews.com'),(965,'delikkt.de'),(966,'deliveryman.com'),(967,'deneg.net'),(968,'depechemode.com'),(969,'deseretmail.com'),(970,'desertmail.com'),(971,'desertonline.com'),(972,'desertsaintsmail.com'),(973,'desilota.com'),(974,'deskmail.com'),(975,'deskpilot.com'),(976,'despam.it'),(977,'despammed.com'),(978,'destin.com'),(979,'detik.com'),(980,'deutschland-net.com'),(981,'devnullmail.com'),(982,'devotedcouples.com'),(983,'dezigner.ru'),(984,'dfgh.net'),(985,'dfwatson.com'),(986,'dglnet.com.br'),(987,'dgoh.org'),(988,'di-ve.com'),(989,'diamondemail.com'),(990,'didamail.com'),(991,'die-besten-bilder.de'),(992,'die-genossen.de'),(993,'die-optimisten.de'),(994,'die-optimisten.net'),(995,'die.life'),(996,'diehardmail.com'),(997,'diemailbox.de'),(998,'digibel.be'),(999,'digital-filestore.de'),(1000,'digitalforeplay.net'),(1001,'digitalsanctuary.com'),(1002,'digosnet.com'),(1003,'dingbone.com'),(1004,'diplomats.com'),(1005,'directbox.com'),(1006,'director-general.com'),(1007,'diri.com'),(1008,'dirtracer.com'),(1009,'dirtracers.com'),(1010,'discard.email'),(1011,'discard.ga'),(1012,'discard.gq'),(1013,'discardmail.com'),(1014,'discardmail.de'),(1015,'disciples.com'),(1016,'discofan.com'),(1017,'discovery.com'),(1018,'discoverymail.com'),(1019,'discoverymail.net'),(1020,'disign-concept.eu'),(1021,'disign-revelation.com'),(1022,'disinfo.net'),(1023,'dispomail.eu'),(1024,'disposable.com'),(1025,'disposableaddress.com'),(1026,'disposableemailaddresses.com'),(1027,'disposableinbox.com'),(1028,'dispose.it'),(1029,'dispostable.com'),(1030,'divismail.ru'),(1031,'divorcedandhappy.com'),(1032,'dm.w3internet.co.uk'),(1033,'dmailman.com'),(1034,'dmitrovka.net'),(1035,'dmitry.ru'),(1036,'dnainternet.net'),(1037,'dnsmadeeasy.com'),(1038,'doar.net'),(1039,'doclist.bounces.google.com'),(1040,'docmail.cz'),(1041,'docs.google.com'),(1042,'doctor.com'),(1043,'dodgeit.com'),(1044,'dodgit.com'),(1045,'dodgit.org'),(1046,'dodo.com.au'),(1047,'dodsi.com'),(1048,'dog.com'),(1049,'doge-mail.net'),(1050,'dogit.com'),(1051,'doglover.com'),(1052,'dogmail.co.uk'),(1053,'dogsnob.net'),(1054,'doityourself.com'),(1055,'domforfb1.tk'),(1056,'domforfb2.tk'),(1057,'domforfb3.tk'),(1058,'domforfb4.tk'),(1059,'domforfb5.tk'),(1060,'domforfb6.tk'),(1061,'domforfb7.tk'),(1062,'domforfb8.tk'),(1063,'domozmail.com'),(1064,'doneasy.com'),(1065,'donegal.net'),(1066,'donemail.ru'),(1067,'donjuan.com'),(1068,'dontgotmail.com'),(1069,'dontmesswithtexas.com'),(1070,'dontreg.com'),(1071,'dontsendmespam.de'),(1072,'doramail.com'),(1073,'dostmail.com'),(1074,'dotcom.fr'),(1075,'dotmsg.com'),(1076,'dotnow.com'),(1077,'dott.it'),(1078,'download-privat.de'),(1079,'dplanet.ch'),(1080,'dr.com'),(1081,'dragoncon.net'),(1082,'dragracer.com'),(1083,'drdrb.net'),(1084,'drivehq.com'),(1085,'dropmail.me'),(1086,'dropzone.com'),(1087,'drotposta.hu'),(1088,'dubaimail.com'),(1089,'dublin.com'),(1090,'dublin.ie'),(1091,'dump-email.info'),(1092,'dumpandjunk.com'),(1093,'dumpmail.com'),(1094,'dumpmail.de'),(1095,'dumpyemail.com'),(1096,'dunlopdriver.com'),(1097,'dunloprider.com'),(1098,'duno.com'),(1099,'duskmail.com'),(1100,'dustdevil.com'),(1101,'dutchmail.com'),(1102,'dvd-fan.net'),(1103,'dwp.net'),(1104,'dygo.com'),(1105,'dynamitemail.com'),(1106,'dyndns.org'),(1107,'e-apollo.lv'),(1108,'e-hkma.com'),(1109,'e-mail.com'),(1110,'e-mail.com.tr'),(1111,'e-mail.dk'),(1112,'e-mail.org'),(1113,'e-mail.ru'),(1114,'e-mail.ua'),(1115,'e-mailanywhere.com'),(1116,'e-mails.ru'),(1117,'e-tapaal.com'),(1118,'e-webtec.com'),(1119,'e4ward.com'),(1120,'earthalliance.com'),(1121,'earthcam.net'),(1122,'earthdome.com'),(1123,'earthling.net'),(1124,'earthlink.net'),(1125,'earthonline.net'),(1126,'eastcoast.co.za'),(1127,'eastlink.ca'),(1128,'eastmail.com'),(1129,'eastrolog.com'),(1130,'easy.com'),(1131,'easy.to'),(1132,'easypeasy.com'),(1133,'easypost.com'),(1134,'easytrashmail.com'),(1135,'eatmydirt.com'),(1136,'ebprofits.net'),(1137,'ec.rr.com'),(1138,'ecardmail.com'),(1139,'ecbsolutions.net'),(1140,'echina.com'),(1141,'ecolo-online.fr'),(1142,'ecompare.com'),(1143,'edmail.com'),(1144,'ednatx.com'),(1145,'edtnmail.com'),(1146,'educacao.te.pt'),(1147,'educastmail.com'),(1148,'eelmail.com'),(1149,'ehmail.com'),(1150,'einmalmail.de'),(1151,'einrot.com'),(1152,'einrot.de'),(1153,'eintagsmail.de'),(1154,'eircom.net'),(1155,'ekidz.com.au'),(1156,'elisanet.fi'),(1157,'elitemail.org'),(1158,'elsitio.com'),(1159,'eltimon.com'),(1160,'elvis.com'),(1161,'elvisfan.com'),(1162,'email-fake.gq'),(1163,'email-london.co.uk'),(1164,'email-value.com'),(1165,'email.biz'),(1166,'email.cbes.net'),(1167,'email.com'),(1168,'email.cz'),(1169,'email.ee'),(1170,'email.it'),(1171,'email.nu'),(1172,'email.org'),(1173,'email.ro'),(1174,'email.ru'),(1175,'email.si'),(1176,'email.su'),(1177,'email.ua'),(1178,'email.women.com'),(1179,'email2me.com'),(1180,'email2me.net'),(1181,'email4u.info'),(1182,'email60.com'),(1183,'emailacc.com'),(1184,'emailaccount.com'),(1185,'emailaddresses.com'),(1186,'emailage.ga'),(1187,'emailage.gq'),(1188,'emailasso.net'),(1189,'emailchoice.com'),(1190,'emailcorner.net'),(1191,'emailem.com'),(1192,'emailengine.net'),(1193,'emailengine.org'),(1194,'emailer.hubspot.com'),(1195,'emailforyou.net'),(1196,'emailgaul.com'),(1197,'emailgo.de'),(1198,'emailgroups.net'),(1199,'emailias.com'),(1200,'emailinfive.com'),(1201,'emailit.com'),(1202,'emaillime.com'),(1203,'emailmiser.com'),(1204,'emailoregon.com'),(1205,'emailpinoy.com'),(1206,'emailplanet.com'),(1207,'emailplus.org'),(1208,'emailproxsy.com'),(1209,'emails.ga'),(1210,'emails.incisivemedia.com'),(1211,'emails.ru'),(1212,'emailsensei.com'),(1213,'emailservice.com'),(1214,'emailsydney.com'),(1215,'emailtemporanea.com'),(1216,'emailtemporanea.net'),(1217,'emailtemporar.ro'),(1218,'emailtemporario.com.br'),(1219,'emailthe.net'),(1220,'emailtmp.com'),(1221,'emailto.de'),(1222,'emailuser.net'),(1223,'emailwarden.com'),(1224,'emailx.at.hm'),(1225,'emailx.net'),(1226,'emailxfer.com'),(1227,'emailz.ga'),(1228,'emailz.gq'),(1229,'emale.ru'),(1230,'ematic.com'),(1231,'embarqmail.com'),(1232,'emeil.in'),(1233,'emeil.ir'),(1234,'emil.com'),(1235,'eml.cc'),(1236,'eml.pp.ua'),(1237,'empereur.com'),(1238,'emptymail.com'),(1239,'emumail.com'),(1240,'emz.net'),(1241,'end-war.com'),(1242,'enel.net'),(1243,'enelpunto.net'),(1244,'engineer.com'),(1245,'england.com'),(1246,'england.edu'),(1247,'englandmail.com'),(1248,'epage.ru'),(1249,'epatra.com'),(1250,'ephemail.net'),(1251,'epiqmail.com'),(1252,'epix.net'),(1253,'epomail.com'),(1254,'epost.de'),(1255,'eposta.hu'),(1256,'eprompter.com'),(1257,'eqqu.com'),(1258,'eramail.co.za'),(1259,'eresmas.com'),(1260,'eriga.lv'),(1261,'ero-tube.org'),(1262,'eshche.net'),(1263,'esmailweb.net'),(1264,'estranet.it'),(1265,'ethos.st'),(1266,'etoast.com'),(1267,'etrademail.com'),(1268,'etranquil.com'),(1269,'etranquil.net'),(1270,'eudoramail.com'),(1271,'europamel.net'),(1272,'europe.com'),(1273,'europemail.com'),(1274,'euroseek.com'),(1275,'eurosport.com'),(1276,'evafan.com'),(1277,'evertonfans.com'),(1278,'every1.net'),(1279,'everyday.com.kh'),(1280,'everymail.net'),(1281,'everyone.net'),(1282,'everytg.ml'),(1283,'evopo.com'),(1284,'examnotes.net'),(1285,'excite.co.jp'),(1286,'excite.co.uk'),(1287,'excite.com'),(1288,'excite.it'),(1289,'execs.com'),(1290,'execs2k.com'),(1291,'executivemail.co.za'),(1292,'exemail.com.au'),(1293,'exg6.exghost.com'),(1294,'explodemail.com'),(1295,'express.net.ua'),(1296,'expressasia.com'),(1297,'extenda.net'),(1298,'extended.com'),(1299,'extremail.ru'),(1300,'eyepaste.com'),(1301,'eyou.com'),(1302,'ezagenda.com'),(1303,'ezcybersearch.com'),(1304,'ezmail.egine.com'),(1305,'ezmail.ru'),(1306,'ezrs.com'),(1307,'f-m.fm'),(1308,'f1fans.net'),(1309,'facebook-email.ga'),(1310,'facebook.com'),(1311,'facebookmail.com'),(1312,'facebookmail.gq'),(1313,'fadrasha.net'),(1314,'fadrasha.org'),(1315,'fahr-zur-hoelle.org'),(1316,'fake-email.pp.ua'),(1317,'fake-mail.cf'),(1318,'fake-mail.ga'),(1319,'fake-mail.ml'),(1320,'fakeinbox.com'),(1321,'fakeinformation.com'),(1322,'fakemailz.com'),(1323,'falseaddress.com'),(1324,'fan.com'),(1325,'fan.theboys.com'),(1326,'fannclub.com'),(1327,'fansonlymail.com'),(1328,'fansworldwide.de'),(1329,'fantasticmail.com'),(1330,'fantasymail.de'),(1331,'farang.net'),(1332,'farifluset.mailexpire.com'),(1333,'faroweb.com'),(1334,'fast-email.com'),(1335,'fast-mail.fr'),(1336,'fast-mail.org'),(1337,'fastacura.com'),(1338,'fastchevy.com'),(1339,'fastchrysler.com'),(1340,'fastem.com'),(1341,'fastemail.us'),(1342,'fastemailer.com'),(1343,'fastemailextractor.net'),(1344,'fastermail.com'),(1345,'fastest.cc'),(1346,'fastimap.com'),(1347,'fastkawasaki.com'),(1348,'fastmail.ca'),(1349,'fastmail.cn'),(1350,'fastmail.co.uk'),(1351,'fastmail.com'),(1352,'fastmail.com.au'),(1353,'fastmail.es'),(1354,'fastmail.fm'),(1355,'fastmail.gr'),(1356,'fastmail.im'),(1357,'fastmail.in'),(1358,'fastmail.jp'),(1359,'fastmail.mx'),(1360,'fastmail.net'),(1361,'fastmail.nl'),(1362,'fastmail.se'),(1363,'fastmail.to'),(1364,'fastmail.tw'),(1365,'fastmail.us'),(1366,'fastmailbox.net'),(1367,'fastmazda.com'),(1368,'fastmessaging.com'),(1369,'fastmitsubishi.com'),(1370,'fastnissan.com'),(1371,'fastservice.com'),(1372,'fastsubaru.com'),(1373,'fastsuzuki.com'),(1374,'fasttoyota.com'),(1375,'fastyamaha.com'),(1376,'fatcock.net'),(1377,'fatflap.com'),(1378,'fathersrightsne.org'),(1379,'fatyachts.com'),(1380,'fax.ru'),(1381,'fbi-agent.com'),(1382,'fbi.hu'),(1383,'fdfdsfds.com'),(1384,'fea.st'),(1385,'federalcontractors.com'),(1386,'feinripptraeger.de'),(1387,'felicity.com'),(1388,'felicitymail.com'),(1389,'female.ru'),(1390,'femenino.com'),(1391,'fepg.net'),(1392,'fetchmail.co.uk'),(1393,'fetchmail.com'),(1394,'fettabernett.de'),(1395,'feyenoorder.com'),(1396,'ffanet.com'),(1397,'fiberia.com'),(1398,'fibertel.com.ar'),(1399,'ficken.de'),(1400,'fificorp.com'),(1401,'fificorp.net'),(1402,'fightallspam.com'),(1403,'filipinolinks.com'),(1404,'filzmail.com'),(1405,'financefan.net'),(1406,'financemail.net'),(1407,'financier.com'),(1408,'findfo.com'),(1409,'findhere.com'),(1410,'findmail.com'),(1411,'findmemail.com'),(1412,'finebody.com'),(1413,'fineemail.com'),(1414,'finfin.com'),(1415,'finklfan.com'),(1416,'fire-brigade.com'),(1417,'fireman.net'),(1418,'fishburne.org'),(1419,'fishfuse.com'),(1420,'fivemail.de'),(1421,'fixmail.tk'),(1422,'fizmail.com'),(1423,'flashbox.5july.org'),(1424,'flashemail.com'),(1425,'flashmail.com'),(1426,'flashmail.net'),(1427,'fleckens.hu'),(1428,'flipcode.com'),(1429,'floridaemail.net'),(1430,'flytecrew.com'),(1431,'fmail.co.uk'),(1432,'fmailbox.com'),(1433,'fmgirl.com'),(1434,'fmguy.com'),(1435,'fnbmail.co.za'),(1436,'fnmail.com'),(1437,'folkfan.com'),(1438,'foodmail.com'),(1439,'footard.com'),(1440,'football.theboys.com'),(1441,'footballmail.com'),(1442,'foothills.net'),(1443,'for-president.com'),(1444,'force9.co.uk'),(1445,'forfree.at'),(1446,'forgetmail.com'),(1447,'fornow.eu'),(1448,'forpresident.com'),(1449,'fortuncity.com'),(1450,'fortunecity.com'),(1451,'forum.dk'),(1452,'fossefans.com'),(1453,'foxmail.cn'),(1454,'foxmail.com'),(1455,'foxmail.com.cn'),(1456,'fr33mail.info'),(1457,'francefans.com'),(1458,'francemel.fr'),(1459,'frapmail.com'),(1460,'free-email.ga'),(1461,'free-online.net'),(1462,'free-org.com'),(1463,'free.com.pe'),(1464,'free.fr'),(1465,'freeaccess.nl'),(1466,'freeaccount.com'),(1467,'freeandsingle.com'),(1468,'freebox.com'),(1469,'freedom.usa.com'),(1470,'freedomlover.com'),(1471,'freefanmail.com'),(1472,'freegates.be'),(1473,'freeghana.com'),(1474,'freelance-france.eu'),(1475,'freeler.nl'),(1476,'freemail.bozz.com'),(1477,'freemail.c3.hu'),(1478,'freemail.com.au'),(1479,'freemail.com.pk'),(1480,'freemail.de'),(1481,'freemail.et'),(1482,'freemail.gr'),(1483,'freemail.hu'),(1484,'freemail.it'),(1485,'freemail.lt'),(1486,'freemail.ms'),(1487,'freemail.nl'),(1488,'freemail.org.mk'),(1489,'freemail.ru'),(1490,'freemails.ga'),(1491,'freemeil.gq'),(1492,'freenet.de'),(1493,'freenet.kg'),(1494,'freeola.com'),(1495,'freeola.net'),(1496,'freeproblem.com'),(1497,'freesbee.fr'),(1498,'freeserve.co.uk'),(1499,'freeservers.com'),(1500,'freestamp.com'),(1501,'freestart.hu'),(1502,'freesurf.fr'),(1503,'freesurf.nl'),(1504,'freeuk.com'),(1505,'freeuk.net'),(1506,'freeukisp.co.uk'),(1507,'freeweb.org'),(1508,'freewebemail.com'),(1509,'freeyellow.com'),(1510,'freezone.co.uk'),(1511,'fresnomail.com'),(1512,'freudenkinder.de'),(1513,'freundin.ru'),(1514,'friction.net'),(1515,'friendlydevices.com'),(1516,'friendlymail.co.uk'),(1517,'friends-cafe.com'),(1518,'friendsfan.com'),(1519,'from-africa.com'),(1520,'from-america.com'),(1521,'from-argentina.com'),(1522,'from-asia.com'),(1523,'from-australia.com'),(1524,'from-belgium.com'),(1525,'from-brazil.com'),(1526,'from-canada.com'),(1527,'from-china.net'),(1528,'from-england.com'),(1529,'from-europe.com'),(1530,'from-france.net'),(1531,'from-germany.net'),(1532,'from-holland.com'),(1533,'from-israel.com'),(1534,'from-italy.net'),(1535,'from-japan.net'),(1536,'from-korea.com'),(1537,'from-mexico.com'),(1538,'from-outerspace.com'),(1539,'from-russia.com'),(1540,'from-spain.net'),(1541,'fromalabama.com'),(1542,'fromalaska.com'),(1543,'fromarizona.com'),(1544,'fromarkansas.com'),(1545,'fromcalifornia.com'),(1546,'fromcolorado.com'),(1547,'fromconnecticut.com'),(1548,'fromdelaware.com'),(1549,'fromflorida.net'),(1550,'fromgeorgia.com'),(1551,'fromhawaii.net'),(1552,'fromidaho.com'),(1553,'fromillinois.com'),(1554,'fromindiana.com'),(1555,'frominter.net'),(1556,'fromiowa.com'),(1557,'fromjupiter.com'),(1558,'fromkansas.com'),(1559,'fromkentucky.com'),(1560,'fromlouisiana.com'),(1561,'frommaine.net'),(1562,'frommaryland.com'),(1563,'frommassachusetts.com'),(1564,'frommiami.com'),(1565,'frommichigan.com'),(1566,'fromminnesota.com'),(1567,'frommississippi.com'),(1568,'frommissouri.com'),(1569,'frommontana.com'),(1570,'fromnebraska.com'),(1571,'fromnevada.com'),(1572,'fromnewhampshire.com'),(1573,'fromnewjersey.com'),(1574,'fromnewmexico.com'),(1575,'fromnewyork.net'),(1576,'fromnorthcarolina.com'),(1577,'fromnorthdakota.com'),(1578,'fromohio.com'),(1579,'fromoklahoma.com'),(1580,'fromoregon.net'),(1581,'frompennsylvania.com'),(1582,'fromrhodeisland.com'),(1583,'fromru.com'),(1584,'fromru.ru'),(1585,'fromsouthcarolina.com'),(1586,'fromsouthdakota.com'),(1587,'fromtennessee.com'),(1588,'fromtexas.com'),(1589,'fromthestates.com'),(1590,'fromutah.com'),(1591,'fromvermont.com'),(1592,'fromvirginia.com'),(1593,'fromwashington.com'),(1594,'fromwashingtondc.com'),(1595,'fromwestvirginia.com'),(1596,'fromwisconsin.com'),(1597,'fromwyoming.com'),(1598,'front.ru'),(1599,'frontier.com'),(1600,'frontiernet.net'),(1601,'frostbyte.uk.net'),(1602,'fsmail.net'),(1603,'ftc-i.net'),(1604,'ftml.net'),(1605,'fuckingduh.com'),(1606,'fudgerub.com'),(1607,'fullmail.com'),(1608,'funiran.com'),(1609,'funkfan.com'),(1610,'funky4.com'),(1611,'fuorissimo.com'),(1612,'furnitureprovider.com'),(1613,'fuse.net'),(1614,'fusemail.com'),(1615,'fut.es'),(1616,'fux0ringduh.com'),(1617,'fwnb.com'),(1618,'fxsmails.com'),(1619,'fyii.de'),(1620,'galamb.net'),(1621,'galaxy5.com'),(1622,'galaxyhit.com'),(1623,'gamebox.com'),(1624,'gamebox.net'),(1625,'gamegeek.com'),(1626,'games.com'),(1627,'gamespotmail.com'),(1628,'gamil.com'),(1629,'gamil.com.au'),(1630,'gamno.config.work'),(1631,'garbage.com'),(1632,'gardener.com'),(1633,'garliclife.com'),(1634,'gatwickemail.com'),(1635,'gawab.com'),(1636,'gay.com'),(1637,'gaybrighton.co.uk'),(1638,'gaza.net'),(1639,'gazeta.pl'),(1640,'gazibooks.com'),(1641,'gci.net'),(1642,'gdi.net'),(1643,'gee-wiz.com'),(1644,'geecities.com'),(1645,'geek.com'),(1646,'geek.hu'),(1647,'geeklife.com'),(1648,'gehensiemirnichtaufdensack.de'),(1649,'gelitik.in'),(1650,'gencmail.com'),(1651,'general-hospital.com'),(1652,'gentlemansclub.de'),(1653,'genxemail.com'),(1654,'geocities.com'),(1655,'geography.net'),(1656,'geologist.com'),(1657,'geopia.com'),(1658,'germanymail.com'),(1659,'get.pp.ua'),(1660,'get1mail.com'),(1661,'get2mail.fr'),(1662,'getairmail.cf'),(1663,'getairmail.com'),(1664,'getairmail.ga'),(1665,'getairmail.gq'),(1666,'getmails.eu'),(1667,'getonemail.com'),(1668,'getonemail.net'),(1669,'gfxartist.ru'),(1670,'gh2000.com'),(1671,'ghanamail.com'),(1672,'ghostmail.com'),(1673,'ghosttexter.de'),(1674,'giantmail.de'),(1675,'giantsfan.com'),(1676,'giga4u.de'),(1677,'gigileung.org'),(1678,'girl4god.com'),(1679,'girlsundertheinfluence.com'),(1680,'gishpuppy.com'),(1681,'givepeaceachance.com'),(1682,'glay.org'),(1683,'glendale.net'),(1684,'globalfree.it'),(1685,'globalpagan.com'),(1686,'globalsite.com.br'),(1687,'globetrotter.net'),(1688,'globo.com'),(1689,'globomail.com'),(1690,'gmail.co.za'),(1691,'gmail.com'),(1692,'gmail.com.au'),(1693,'gmail.com.br'),(1694,'gmail.ru'),(1695,'gmial.com'),(1696,'gmx.at'),(1697,'gmx.ch'),(1698,'gmx.co.uk'),(1699,'gmx.com'),(1700,'gmx.de'),(1701,'gmx.fr'),(1702,'gmx.li'),(1703,'gmx.net'),(1704,'gmx.us'),(1705,'gnwmail.com'),(1706,'go.com'),(1707,'go.ro'),(1708,'go.ru'),(1709,'go2.com.py'),(1710,'go2net.com'),(1711,'go4.it'),(1712,'gobrainstorm.net'),(1713,'gocollege.com'),(1714,'gocubs.com'),(1715,'godmail.dk'),(1716,'goemailgo.com'),(1717,'gofree.co.uk'),(1718,'gol.com'),(1719,'goldenmail.ru'),(1720,'goldmail.ru'),(1721,'goldtoolbox.com'),(1722,'golfemail.com'),(1723,'golfilla.info'),(1724,'golfmail.be'),(1725,'gonavy.net'),(1726,'gonuts4free.com'),(1727,'goodnewsmail.com'),(1728,'goodstick.com'),(1729,'google.com'),(1730,'googlegroups.com'),(1731,'googlemail.com'),(1732,'goosemoose.com'),(1733,'goplay.com'),(1734,'gorillaswithdirtyarmpits.com'),(1735,'gorontalo.net'),(1736,'gospelfan.com'),(1737,'gothere.uk.com'),(1738,'gotmail.com'),(1739,'gotmail.net'),(1740,'gotmail.org'),(1741,'gotomy.com'),(1742,'gotti.otherinbox.com'),(1743,'govolsfan.com'),(1744,'gportal.hu'),(1745,'grabmail.com'),(1746,'graduate.org'),(1747,'graffiti.net'),(1748,'gramszu.net'),(1749,'grandmamail.com'),(1750,'grandmasmail.com'),(1751,'graphic-designer.com'),(1752,'grapplers.com'),(1753,'gratisweb.com'),(1754,'great-host.in'),(1755,'greenmail.net'),(1756,'greensloth.com'),(1757,'groupmail.com'),(1758,'grr.la'),(1759,'grungecafe.com'),(1760,'gsrv.co.uk'),(1761,'gtemail.net'),(1762,'gtmc.net'),(1763,'gua.net'),(1764,'guerillamail.biz'),(1765,'guerillamail.com'),(1766,'guerrillamail.biz'),(1767,'guerrillamail.com'),(1768,'guerrillamail.de'),(1769,'guerrillamail.info'),(1770,'guerrillamail.net'),(1771,'guerrillamail.org'),(1772,'guerrillamailblock.com'),(1773,'guessmail.com'),(1774,'guju.net'),(1775,'gurlmail.com'),(1776,'gustr.com'),(1777,'guy.com'),(1778,'guy2.com'),(1779,'guyanafriends.com'),(1780,'gwhsgeckos.com'),(1781,'gyorsposta.com'),(1782,'gyorsposta.hu'),(1783,'h-mail.us'),(1784,'hab-verschlafen.de'),(1785,'hablas.com'),(1786,'habmalnefrage.de'),(1787,'hacccc.com'),(1788,'hackermail.com'),(1789,'hackermail.net'),(1790,'hailmail.net'),(1791,'hairdresser.com'),(1792,'hairdresser.net'),(1793,'haltospam.com'),(1794,'hamptonroads.com'),(1795,'handbag.com'),(1796,'handleit.com'),(1797,'hang-ten.com'),(1798,'hangglidemail.com'),(1799,'hanmail.net'),(1800,'happemail.com'),(1801,'happycounsel.com'),(1802,'happypuppy.com'),(1803,'harakirimail.com'),(1804,'haramamba.ru'),(1805,'hardcorefreak.com'),(1806,'hardyoungbabes.com'),(1807,'hartbot.de'),(1808,'hat-geld.de'),(1809,'hatespam.org'),(1810,'hawaii.rr.com'),(1811,'hawaiiantel.net'),(1812,'headbone.com'),(1813,'healthemail.net'),(1814,'heartthrob.com'),(1815,'heavynoize.net'),(1816,'heerschap.com'),(1817,'heesun.net'),(1818,'hehe.com'),(1819,'hello.hu'),(1820,'hello.net.au'),(1821,'hello.to'),(1822,'hellokitty.com'),(1823,'helter-skelter.com'),(1824,'hempseed.com'),(1825,'herediano.com'),(1826,'heremail.com'),(1827,'herono1.com'),(1828,'herp.in'),(1829,'herr-der-mails.de'),(1830,'hetnet.nl'),(1831,'hewgen.ru'),(1832,'hey.to'),(1833,'hhdevel.com'),(1834,'hideakifan.com'),(1835,'hidemail.de'),(1836,'hidzz.com'),(1837,'highmilton.com'),(1838,'highquality.com'),(1839,'highveldmail.co.za'),(1840,'hilarious.com'),(1841,'hinduhome.com'),(1842,'hingis.org'),(1843,'hiphopfan.com'),(1844,'hispavista.com'),(1845,'hitmail.com'),(1846,'hitmanrecords.com'),(1847,'hitthe.net'),(1848,'hkg.net'),(1849,'hkstarphoto.com'),(1850,'hmamail.com'),(1851,'hochsitze.com'),(1852,'hockeymail.com'),(1853,'hollywoodkids.com'),(1854,'home-email.com'),(1855,'home.de'),(1856,'home.nl'),(1857,'home.no.net'),(1858,'home.ro'),(1859,'home.se'),(1860,'homeart.com'),(1861,'homelocator.com'),(1862,'homemail.com'),(1863,'homenetmail.com'),(1864,'homeonthethrone.com'),(1865,'homestead.com'),(1866,'homeworkcentral.com'),(1867,'honduras.com'),(1868,'hongkong.com'),(1869,'hookup.net'),(1870,'hoopsmail.com'),(1871,'hopemail.biz'),(1872,'horrormail.com'),(1873,'host-it.com.sg'),(1874,'hostingaro.com'),(1875,'hot-mail.gq'),(1876,'hot-shop.com'),(1877,'hot-shot.com'),(1878,'hot.ee'),(1879,'hotbot.com'),(1880,'hotbox.ru'),(1881,'hotbrev.com'),(1882,'hotcoolmail.com'),(1883,'hotepmail.com'),(1884,'hotfire.net'),(1885,'hotletter.com'),(1886,'hotlinemail.com'),(1887,'hotmail.be'),(1888,'hotmail.ca'),(1889,'hotmail.ch'),(1890,'hotmail.co'),(1891,'hotmail.co.il'),(1892,'hotmail.co.jp'),(1893,'hotmail.co.nz'),(1894,'hotmail.co.uk'),(1895,'hotmail.co.za'),(1896,'hotmail.com'),(1897,'hotmail.com.ar'),(1898,'hotmail.com.au'),(1899,'hotmail.com.br'),(1900,'hotmail.com.mx'),(1901,'hotmail.com.tr'),(1902,'hotmail.de'),(1903,'hotmail.es'),(1904,'hotmail.fi'),(1905,'hotmail.fr'),(1906,'hotmail.it'),(1907,'hotmail.kg'),(1908,'hotmail.kz'),(1909,'hotmail.my'),(1910,'hotmail.nl'),(1911,'hotmail.ro'),(1912,'hotmail.roor'),(1913,'hotmail.ru'),(1914,'hotpop.com'),(1915,'hotpop3.com'),(1916,'hotvoice.com'),(1917,'housefan.com'),(1918,'housefancom'),(1919,'housemail.com'),(1920,'hsuchi.net'),(1921,'html.tou.com'),(1922,'hu2.ru'),(1923,'hughes.net'),(1924,'hulapla.de'),(1925,'humanoid.net'),(1926,'humanux.com'),(1927,'humn.ws.gy'),(1928,'humour.com'),(1929,'hunsa.com'),(1930,'hurting.com'),(1931,'hush.com'),(1932,'hushmail.com'),(1933,'hypernautica.com'),(1934,'i-connect.com'),(1935,'i-france.com'),(1936,'i-love-cats.com'),(1937,'i-mail.com.au'),(1938,'i-mailbox.net'),(1939,'i-p.com'),(1940,'i.am'),(1941,'i.am.to'),(1942,'i.amhey.to'),(1943,'i.ua'),(1944,'i12.com'),(1945,'i2828.com'),(1946,'i2pmail.org'),(1947,'iam4msu.com'),(1948,'iamawoman.com'),(1949,'iamfinallyonline.com'),(1950,'iamwaiting.com'),(1951,'iamwasted.com'),(1952,'iamyours.com'),(1953,'icestorm.com'),(1954,'ich-bin-verrueckt-nach-dir.de'),(1955,'ich-will-net.de'),(1956,'icloud.com'),(1957,'icmsconsultants.com'),(1958,'icq.com'),(1959,'icqmail.com'),(1960,'icrazy.com'),(1961,'icu.md'),(1962,'id-base.com'),(1963,'id.ru'),(1964,'ididitmyway.com'),(1965,'idigjesus.com'),(1966,'idirect.com'),(1967,'ieatspam.eu'),(1968,'ieatspam.info'),(1969,'ieh-mail.de'),(1970,'iespana.es'),(1971,'ifoward.com'),(1972,'ig.com.br'),(1973,'ignazio.it'),(1974,'ignmail.com'),(1975,'ihateclowns.com'),(1976,'ihateyoualot.info'),(1977,'iheartspam.org'),(1978,'iinet.net.au'),(1979,'ijustdontcare.com'),(1980,'ikbenspamvrij.nl'),(1981,'ilkposta.com'),(1982,'ilovechocolate.com'),(1983,'ilovegiraffes.net'),(1984,'ilovejesus.com'),(1985,'ilovelionking.com'),(1986,'ilovepokemonmail.com'),(1987,'ilovethemovies.com'),(1988,'ilovetocollect.net'),(1989,'ilse.nl'),(1990,'imaginemail.com'),(1991,'imail.org'),(1992,'imail.ru'),(1993,'imailbox.com'),(1994,'imails.info'),(1995,'imap-mail.com'),(1996,'imap.cc'),(1997,'imapmail.org'),(1998,'imel.org'),(1999,'imgof.com'),(2000,'imgv.de'),(2001,'immo-gerance.info'),(2002,'imneverwrong.com'),(2003,'imposter.co.uk'),(2004,'imstations.com'),(2005,'imstressed.com'),(2006,'imtoosexy.com'),(2007,'in-box.net'),(2008,'in2jesus.com'),(2009,'iname.com'),(2010,'inbax.tk'),(2011,'inbound.plus'),(2012,'inbox.com'),(2013,'inbox.lv'),(2014,'inbox.net'),(2015,'inbox.ru'),(2016,'inbox.si'),(2017,'inboxalias.com'),(2018,'inboxclean.com'),(2019,'inboxclean.org'),(2020,'incamail.com'),(2021,'includingarabia.com'),(2022,'incredimail.com'),(2023,'indeedemail.com'),(2024,'index.ua'),(2025,'indexa.fr'),(2026,'india.com'),(2027,'indiatimes.com'),(2028,'indo-mail.com'),(2029,'indocities.com'),(2030,'indomail.com'),(2031,'indosat.net.id'),(2032,'indus.ru'),(2033,'indyracers.com'),(2034,'inerted.com'),(2035,'inet.com'),(2036,'inet.net.au'),(2037,'info-media.de'),(2038,'info-radio.ml'),(2039,'info.com'),(2040,'info66.com'),(2041,'infoapex.com'),(2042,'infocom.zp.ua'),(2043,'infohq.com'),(2044,'infomail.es'),(2045,'infomart.or.jp'),(2046,'informaticos.com'),(2047,'infospacemail.com'),(2048,'infovia.com.ar'),(2049,'inicia.es'),(2050,'inmail.sk'),(2051,'inmail24.com'),(2052,'inmano.com'),(2053,'inmynetwork.tk'),(2054,'innocent.com'),(2055,'inonesearch.com'),(2056,'inorbit.com'),(2057,'inoutbox.com'),(2058,'insidebaltimore.net'),(2059,'insight.rr.com'),(2060,'inspectorjavert.com'),(2061,'instant-mail.de'),(2062,'instantemailaddress.com'),(2063,'instantmail.fr'),(2064,'instruction.com'),(2065,'instructor.net'),(2066,'insurer.com'),(2067,'interburp.com'),(2068,'interfree.it'),(2069,'interia.pl'),(2070,'interlap.com.ar'),(2071,'intermail.co.il'),(2072,'internet-club.com'),(2073,'internet-e-mail.com'),(2074,'internet-mail.org'),(2075,'internet-police.com'),(2076,'internetbiz.com'),(2077,'internetdrive.com'),(2078,'internetegypt.com'),(2079,'internetemails.net'),(2080,'internetmailing.net'),(2081,'internode.on.net'),(2082,'invalid.com'),(2083,'investormail.com'),(2084,'inwind.it'),(2085,'iobox.com'),(2086,'iobox.fi'),(2087,'iol.it'),(2088,'iol.pt'),(2089,'iowaemail.com'),(2090,'ip3.com'),(2091,'ip4.pp.ua'),(2092,'ip6.li'),(2093,'ip6.pp.ua'),(2094,'ipdeer.com'),(2095,'ipex.ru'),(2096,'ipoo.org'),(2097,'iportalexpress.com'),(2098,'iprimus.com.au'),(2099,'iqemail.com'),(2100,'irangate.net'),(2101,'iraqmail.com'),(2102,'ireland.com'),(2103,'irelandmail.com'),(2104,'irish2me.com'),(2105,'irj.hu'),(2106,'iroid.com'),(2107,'iscooler.com'),(2108,'isellcars.com'),(2109,'iservejesus.com'),(2110,'islamonline.net'),(2111,'islandemail.net'),(2112,'isleuthmail.com'),(2113,'ismart.net'),(2114,'isonfire.com'),(2115,'isp9.net'),(2116,'israelmail.com'),(2117,'ist-allein.info'),(2118,'ist-einmalig.de'),(2119,'ist-ganz-allein.de'),(2120,'ist-willig.de'),(2121,'italymail.com'),(2122,'itelefonica.com.br'),(2123,'itloox.com'),(2124,'itmom.com'),(2125,'ivebeenframed.com'),(2126,'ivillage.com'),(2127,'iwan-fals.com'),(2128,'iwi.net'),(2129,'iwmail.com'),(2130,'iwon.com'),(2131,'izadpanah.com'),(2132,'jabble.com'),(2133,'jahoopa.com'),(2134,'jakuza.hu'),(2135,'japan.com'),(2136,'jaydemail.com'),(2137,'jazzandjava.com'),(2138,'jazzfan.com'),(2139,'jazzgame.com'),(2140,'je-recycle.info'),(2141,'jeanvaljean.com'),(2142,'jerusalemmail.com'),(2143,'jesusanswers.com'),(2144,'jet-renovation.fr'),(2145,'jetable.com'),(2146,'jetable.de'),(2147,'jetable.fr.nf'),(2148,'jetable.net'),(2149,'jetable.org'),(2150,'jetable.pp.ua'),(2151,'jetemail.net'),(2152,'jewishmail.com'),(2153,'jfkislanders.com'),(2154,'jingjo.net'),(2155,'jippii.fi'),(2156,'jmail.co.za'),(2157,'jnxjn.com'),(2158,'job4u.com'),(2159,'jobbikszimpatizans.hu'),(2160,'joelonsoftware.com'),(2161,'joinme.com'),(2162,'jojomail.com'),(2163,'jokes.com'),(2164,'jordanmail.com'),(2165,'journalist.com'),(2166,'jourrapide.com'),(2167,'jovem.te.pt'),(2168,'joymail.com'),(2169,'jpopmail.com'),(2170,'jsrsolutions.com'),(2171,'jubiimail.dk'),(2172,'jump.com'),(2173,'jumpy.it'),(2174,'juniormail.com'),(2175,'junk1e.com'),(2176,'junkmail.com'),(2177,'junkmail.gq'),(2178,'juno.com'),(2179,'justemail.net'),(2180,'justicemail.com'),(2181,'justmail.de'),(2182,'justmailz.com'),(2183,'justmarriedmail.com'),(2184,'jwspamspy'),(2185,'k.ro'),(2186,'kaazoo.com'),(2187,'kabissa.org'),(2188,'kaduku.net'),(2189,'kaffeeschluerfer.com'),(2190,'kaffeeschluerfer.de'),(2191,'kaixo.com'),(2192,'kalpoint.com'),(2193,'kansascity.com'),(2194,'kapoorweb.com'),(2195,'karachian.com'),(2196,'karachioye.com'),(2197,'karbasi.com'),(2198,'kasmail.com'),(2199,'kaspop.com'),(2200,'katamail.com'),(2201,'kayafmmail.co.za'),(2202,'kbjrmail.com'),(2203,'kcks.com'),(2204,'kebi.com'),(2205,'keemail.me'),(2206,'keftamail.com'),(2207,'keg-party.com'),(2208,'keinpardon.de'),(2209,'keko.com.ar'),(2210,'kellychen.com'),(2211,'keptprivate.com'),(2212,'keromail.com'),(2213,'kewpee.com'),(2214,'keyemail.com'),(2215,'kgb.hu'),(2216,'khosropour.com'),(2217,'kichimail.com'),(2218,'kickassmail.com'),(2219,'killamail.com'),(2220,'killergreenmail.com'),(2221,'killermail.com'),(2222,'killmail.com'),(2223,'killmail.net'),(2224,'kimo.com'),(2225,'kimsdisk.com'),(2226,'kinglibrary.net'),(2227,'kinki-kids.com'),(2228,'kismail.ru'),(2229,'kissfans.com'),(2230,'kitemail.com'),(2231,'kittymail.com'),(2232,'kitznet.at'),(2233,'kiwibox.com'),(2234,'kiwitown.com'),(2235,'klassmaster.com'),(2236,'klassmaster.net'),(2237,'klzlk.com'),(2238,'km.ru'),(2239,'kmail.com.au'),(2240,'knol-power.nl'),(2241,'koko.com'),(2242,'kolumbus.fi'),(2243,'kommespaeter.de'),(2244,'konkovo.net'),(2245,'konsul.ru'),(2246,'konx.com'),(2247,'korea.com'),(2248,'koreamail.com'),(2249,'kosino.net'),(2250,'koszmail.pl'),(2251,'kozmail.com'),(2252,'kpnmail.nl'),(2253,'kreditor.ru'),(2254,'krim.ws'),(2255,'krongthip.com'),(2256,'krovatka.net'),(2257,'krunis.com'),(2258,'ksanmail.com'),(2259,'ksee24mail.com'),(2260,'kube93mail.com'),(2261,'kukamail.com'),(2262,'kulturbetrieb.info'),(2263,'kumarweb.com'),(2264,'kurzepost.de'),(2265,'kuwait-mail.com'),(2266,'kuzminki.net'),(2267,'kvhrr.com'),(2268,'kvhrs.com'),(2269,'kvhrw.com'),(2270,'kyokodate.com'),(2271,'kyokofukada.net'),(2272,'l33r.eu'),(2273,'la.com'),(2274,'labetteraverouge.at'),(2275,'lackmail.ru'),(2276,'ladyfire.com'),(2277,'ladymail.cz'),(2278,'lagerlouts.com'),(2279,'lags.us'),(2280,'lahoreoye.com'),(2281,'lakmail.com'),(2282,'lamer.hu'),(2283,'land.ru'),(2284,'langoo.com'),(2285,'lankamail.com'),(2286,'laoeq.com'),(2287,'laposte.net'),(2288,'lass-es-geschehen.de'),(2289,'last-chance.pro'),(2290,'lastmail.co'),(2291,'latemodels.com'),(2292,'latinmail.com'),(2293,'latino.com'),(2294,'lavabit.com'),(2295,'lavache.com'),(2296,'law.com'),(2297,'lawlita.com'),(2298,'lawyer.com'),(2299,'lazyinbox.com'),(2300,'learn2compute.net'),(2301,'lebanonatlas.com'),(2302,'leeching.net'),(2303,'leehom.net'),(2304,'lefortovo.net'),(2305,'legalactions.com'),(2306,'legalrc.loan'),(2307,'legislator.com'),(2308,'legistrator.com'),(2309,'lenta.ru'),(2310,'leonlai.net'),(2311,'letsgomets.net'),(2312,'letterbox.com'),(2313,'letterboxes.org'),(2314,'letthemeatspam.com'),(2315,'levele.com'),(2316,'levele.hu'),(2317,'lex.bg'),(2318,'lexis-nexis-mail.com'),(2319,'lhsdv.com'),(2320,'lianozovo.net'),(2321,'libero.it'),(2322,'liberomail.com'),(2323,'lick101.com'),(2324,'liebt-dich.info'),(2325,'lifebyfood.com'),(2326,'link2mail.net'),(2327,'linkmaster.com'),(2328,'linktrader.com'),(2329,'linuxfreemail.com'),(2330,'linuxmail.org'),(2331,'lionsfan.com.au'),(2332,'liontrucks.com'),(2333,'liquidinformation.net'),(2334,'lissamail.com'),(2335,'list.ru'),(2336,'listomail.com'),(2337,'litedrop.com'),(2338,'literaturelover.com'),(2339,'littleapple.com'),(2340,'littleblueroom.com'),(2341,'live.at'),(2342,'live.be'),(2343,'live.ca'),(2344,'live.cl'),(2345,'live.cn'),(2346,'live.co.uk'),(2347,'live.co.za'),(2348,'live.com'),(2349,'live.com.ar'),(2350,'live.com.au'),(2351,'live.com.mx'),(2352,'live.com.my'),(2353,'live.com.pt'),(2354,'live.com.sg'),(2355,'live.de'),(2356,'live.dk'),(2357,'live.fr'),(2358,'live.hk'),(2359,'live.ie'),(2360,'live.in'),(2361,'live.it'),(2362,'live.jp'),(2363,'live.nl'),(2364,'live.no'),(2365,'live.ru'),(2366,'live.se'),(2367,'liveradio.tk'),(2368,'liverpoolfans.com'),(2369,'ljiljan.com'),(2370,'llandudno.com'),(2371,'llangollen.com'),(2372,'lmxmail.sk'),(2373,'lobbyist.com'),(2374,'localbar.com'),(2375,'localgenius.com'),(2376,'locos.com'),(2377,'login-email.ga'),(2378,'loh.pp.ua'),(2379,'lol.ovpn.to'),(2380,'lolfreak.net'),(2381,'lolito.tk'),(2382,'lolnetwork.net'),(2383,'london.com'),(2384,'loobie.com'),(2385,'looksmart.co.uk'),(2386,'looksmart.com'),(2387,'looksmart.com.au'),(2388,'lookugly.com'),(2389,'lopezclub.com'),(2390,'lortemail.dk'),(2391,'louiskoo.com'),(2392,'lov.ru'),(2393,'love.com'),(2394,'love.cz'),(2395,'loveable.com'),(2396,'lovecat.com'),(2397,'lovefall.ml'),(2398,'lovefootball.com'),(2399,'loveforlostcats.com'),(2400,'lovelygirl.net'),(2401,'lovemail.com'),(2402,'lover-boy.com'),(2403,'lovergirl.com'),(2404,'lovesea.gq'),(2405,'lovethebroncos.com'),(2406,'lovethecowboys.com'),(2407,'lovetocook.net'),(2408,'lovetohike.com'),(2409,'loveyouforever.de'),(2410,'lovingjesus.com'),(2411,'lowandslow.com'),(2412,'lr7.us'),(2413,'lr78.com'),(2414,'lroid.com'),(2415,'lubovnik.ru'),(2416,'lukop.dk'),(2417,'luso.pt'),(2418,'luukku.com'),(2419,'luv2.us'),(2420,'luvrhino.com'),(2421,'lvie.com.sg'),(2422,'lvwebmail.com'),(2423,'lycos.co.uk'),(2424,'lycos.com'),(2425,'lycos.es'),(2426,'lycos.it'),(2427,'lycos.ne.jp'),(2428,'lycos.ru'),(2429,'lycosemail.com'),(2430,'lycosmail.com'),(2431,'m-a-i-l.com'),(2432,'m-hmail.com'),(2433,'m21.cc'),(2434,'m4.org'),(2435,'m4ilweb.info'),(2436,'mac.com'),(2437,'macbox.com'),(2438,'macbox.ru'),(2439,'macfreak.com'),(2440,'machinecandy.com'),(2441,'macmail.com'),(2442,'mad.scientist.com'),(2443,'madcrazy.com'),(2444,'madcreations.com'),(2445,'madonnafan.com'),(2446,'madrid.com'),(2447,'maennerversteherin.com'),(2448,'maennerversteherin.de'),(2449,'maffia.hu'),(2450,'magicmail.co.za'),(2451,'mahmoodweb.com'),(2452,'mail-awu.de'),(2453,'mail-box.cz'),(2454,'mail-center.com'),(2455,'mail-central.com'),(2456,'mail-easy.fr'),(2457,'mail-filter.com'),(2458,'mail-me.com'),(2459,'mail-page.com'),(2460,'mail-temporaire.fr'),(2461,'mail-tester.com'),(2462,'mail.austria.com'),(2463,'mail.az'),(2464,'mail.be'),(2465,'mail.bg'),(2466,'mail.bulgaria.com'),(2467,'mail.by'),(2468,'mail.byte.it'),(2469,'mail.co.za'),(2470,'mail.com'),(2471,'mail.com.tr'),(2472,'mail.ee'),(2473,'mail.entrepeneurmag.com'),(2474,'mail.freetown.com'),(2475,'mail.gr'),(2476,'mail.hitthebeach.com'),(2477,'mail.htl22.at'),(2478,'mail.kmsp.com'),(2479,'mail.md'),(2480,'mail.mezimages.net'),(2481,'mail.misterpinball.de'),(2482,'mail.nu'),(2483,'mail.org.uk'),(2484,'mail.pf'),(2485,'mail.pharmacy.com'),(2486,'mail.pt'),(2487,'mail.r-o-o-t.com'),(2488,'mail.ru'),(2489,'mail.salu.net'),(2490,'mail.sisna.com'),(2491,'mail.spaceports.com'),(2492,'mail.svenz.eu'),(2493,'mail.theboys.com'),(2494,'mail.usa.com'),(2495,'mail.vasarhely.hu'),(2496,'mail.vu'),(2497,'mail.wtf'),(2498,'mail.zp.ua'),(2499,'mail114.net'),(2500,'mail15.com'),(2501,'mail1a.de'),(2502,'mail1st.com'),(2503,'mail2007.com'),(2504,'mail21.cc'),(2505,'mail2aaron.com'),(2506,'mail2abby.com'),(2507,'mail2abc.com'),(2508,'mail2actor.com'),(2509,'mail2admiral.com'),(2510,'mail2adorable.com'),(2511,'mail2adoration.com'),(2512,'mail2adore.com'),(2513,'mail2adventure.com'),(2514,'mail2aeolus.com'),(2515,'mail2aether.com'),(2516,'mail2affection.com'),(2517,'mail2afghanistan.com'),(2518,'mail2africa.com'),(2519,'mail2agent.com'),(2520,'mail2aha.com'),(2521,'mail2ahoy.com'),(2522,'mail2aim.com'),(2523,'mail2air.com'),(2524,'mail2airbag.com'),(2525,'mail2airforce.com'),(2526,'mail2airport.com'),(2527,'mail2alabama.com'),(2528,'mail2alan.com'),(2529,'mail2alaska.com'),(2530,'mail2albania.com'),(2531,'mail2alcoholic.com'),(2532,'mail2alec.com'),(2533,'mail2alexa.com'),(2534,'mail2algeria.com'),(2535,'mail2alicia.com'),(2536,'mail2alien.com'),(2537,'mail2allan.com'),(2538,'mail2allen.com'),(2539,'mail2allison.com'),(2540,'mail2alpha.com'),(2541,'mail2alyssa.com'),(2542,'mail2amanda.com'),(2543,'mail2amazing.com'),(2544,'mail2amber.com'),(2545,'mail2america.com'),(2546,'mail2american.com'),(2547,'mail2andorra.com'),(2548,'mail2andrea.com'),(2549,'mail2andy.com'),(2550,'mail2anesthesiologist.com'),(2551,'mail2angela.com'),(2552,'mail2angola.com'),(2553,'mail2ann.com'),(2554,'mail2anna.com'),(2555,'mail2anne.com'),(2556,'mail2anthony.com'),(2557,'mail2anything.com'),(2558,'mail2aphrodite.com'),(2559,'mail2apollo.com'),(2560,'mail2april.com'),(2561,'mail2aquarius.com'),(2562,'mail2arabia.com'),(2563,'mail2arabic.com'),(2564,'mail2architect.com'),(2565,'mail2ares.com'),(2566,'mail2argentina.com'),(2567,'mail2aries.com'),(2568,'mail2arizona.com'),(2569,'mail2arkansas.com'),(2570,'mail2armenia.com'),(2571,'mail2army.com'),(2572,'mail2arnold.com'),(2573,'mail2art.com'),(2574,'mail2artemus.com'),(2575,'mail2arthur.com'),(2576,'mail2artist.com'),(2577,'mail2ashley.com'),(2578,'mail2ask.com'),(2579,'mail2astronomer.com'),(2580,'mail2athena.com'),(2581,'mail2athlete.com'),(2582,'mail2atlas.com'),(2583,'mail2atom.com'),(2584,'mail2attitude.com'),(2585,'mail2auction.com'),(2586,'mail2aunt.com'),(2587,'mail2australia.com'),(2588,'mail2austria.com'),(2589,'mail2azerbaijan.com'),(2590,'mail2baby.com'),(2591,'mail2bahamas.com'),(2592,'mail2bahrain.com'),(2593,'mail2ballerina.com'),(2594,'mail2ballplayer.com'),(2595,'mail2band.com'),(2596,'mail2bangladesh.com'),(2597,'mail2bank.com'),(2598,'mail2banker.com'),(2599,'mail2bankrupt.com'),(2600,'mail2baptist.com'),(2601,'mail2bar.com'),(2602,'mail2barbados.com'),(2603,'mail2barbara.com'),(2604,'mail2barter.com'),(2605,'mail2basketball.com'),(2606,'mail2batter.com'),(2607,'mail2beach.com'),(2608,'mail2beast.com'),(2609,'mail2beatles.com'),(2610,'mail2beauty.com'),(2611,'mail2becky.com'),(2612,'mail2beijing.com'),(2613,'mail2belgium.com'),(2614,'mail2belize.com'),(2615,'mail2ben.com'),(2616,'mail2bernard.com'),(2617,'mail2beth.com'),(2618,'mail2betty.com'),(2619,'mail2beverly.com'),(2620,'mail2beyond.com'),(2621,'mail2biker.com'),(2622,'mail2bill.com'),(2623,'mail2billionaire.com'),(2624,'mail2billy.com'),(2625,'mail2bio.com'),(2626,'mail2biologist.com'),(2627,'mail2black.com'),(2628,'mail2blackbelt.com'),(2629,'mail2blake.com'),(2630,'mail2blind.com'),(2631,'mail2blonde.com'),(2632,'mail2blues.com'),(2633,'mail2bob.com'),(2634,'mail2bobby.com'),(2635,'mail2bolivia.com'),(2636,'mail2bombay.com'),(2637,'mail2bonn.com'),(2638,'mail2bookmark.com'),(2639,'mail2boreas.com'),(2640,'mail2bosnia.com'),(2641,'mail2boston.com'),(2642,'mail2botswana.com'),(2643,'mail2bradley.com'),(2644,'mail2brazil.com'),(2645,'mail2breakfast.com'),(2646,'mail2brian.com'),(2647,'mail2bride.com'),(2648,'mail2brittany.com'),(2649,'mail2broker.com'),(2650,'mail2brook.com'),(2651,'mail2bruce.com'),(2652,'mail2brunei.com'),(2653,'mail2brunette.com'),(2654,'mail2brussels.com'),(2655,'mail2bryan.com'),(2656,'mail2bug.com'),(2657,'mail2bulgaria.com'),(2658,'mail2business.com'),(2659,'mail2buy.com'),(2660,'mail2ca.com'),(2661,'mail2california.com'),(2662,'mail2calvin.com'),(2663,'mail2cambodia.com'),(2664,'mail2cameroon.com'),(2665,'mail2canada.com'),(2666,'mail2cancer.com'),(2667,'mail2capeverde.com'),(2668,'mail2capricorn.com'),(2669,'mail2cardinal.com'),(2670,'mail2cardiologist.com'),(2671,'mail2care.com'),(2672,'mail2caroline.com'),(2673,'mail2carolyn.com'),(2674,'mail2casey.com'),(2675,'mail2cat.com'),(2676,'mail2caterer.com'),(2677,'mail2cathy.com'),(2678,'mail2catlover.com'),(2679,'mail2catwalk.com'),(2680,'mail2cell.com'),(2681,'mail2chad.com'),(2682,'mail2champaign.com'),(2683,'mail2charles.com'),(2684,'mail2chef.com'),(2685,'mail2chemist.com'),(2686,'mail2cherry.com'),(2687,'mail2chicago.com'),(2688,'mail2chile.com'),(2689,'mail2china.com'),(2690,'mail2chinese.com'),(2691,'mail2chocolate.com'),(2692,'mail2christian.com'),(2693,'mail2christie.com'),(2694,'mail2christmas.com'),(2695,'mail2christy.com'),(2696,'mail2chuck.com'),(2697,'mail2cindy.com'),(2698,'mail2clark.com'),(2699,'mail2classifieds.com'),(2700,'mail2claude.com'),(2701,'mail2cliff.com'),(2702,'mail2clinic.com'),(2703,'mail2clint.com'),(2704,'mail2close.com'),(2705,'mail2club.com'),(2706,'mail2coach.com'),(2707,'mail2coastguard.com'),(2708,'mail2colin.com'),(2709,'mail2college.com'),(2710,'mail2colombia.com'),(2711,'mail2color.com'),(2712,'mail2colorado.com'),(2713,'mail2columbia.com'),(2714,'mail2comedian.com'),(2715,'mail2composer.com'),(2716,'mail2computer.com'),(2717,'mail2computers.com'),(2718,'mail2concert.com'),(2719,'mail2congo.com'),(2720,'mail2connect.com'),(2721,'mail2connecticut.com'),(2722,'mail2consultant.com'),(2723,'mail2convict.com'),(2724,'mail2cook.com'),(2725,'mail2cool.com'),(2726,'mail2cory.com'),(2727,'mail2costarica.com'),(2728,'mail2country.com'),(2729,'mail2courtney.com'),(2730,'mail2cowboy.com'),(2731,'mail2cowgirl.com'),(2732,'mail2craig.com'),(2733,'mail2crave.com'),(2734,'mail2crazy.com'),(2735,'mail2create.com'),(2736,'mail2croatia.com'),(2737,'mail2cry.com'),(2738,'mail2crystal.com'),(2739,'mail2cuba.com'),(2740,'mail2culture.com'),(2741,'mail2curt.com'),(2742,'mail2customs.com'),(2743,'mail2cute.com'),(2744,'mail2cutey.com'),(2745,'mail2cynthia.com'),(2746,'mail2cyprus.com'),(2747,'mail2czechrepublic.com'),(2748,'mail2dad.com'),(2749,'mail2dale.com'),(2750,'mail2dallas.com'),(2751,'mail2dan.com'),(2752,'mail2dana.com'),(2753,'mail2dance.com'),(2754,'mail2dancer.com'),(2755,'mail2danielle.com'),(2756,'mail2danny.com'),(2757,'mail2darlene.com'),(2758,'mail2darling.com'),(2759,'mail2darren.com'),(2760,'mail2daughter.com'),(2761,'mail2dave.com'),(2762,'mail2dawn.com'),(2763,'mail2dc.com'),(2764,'mail2dealer.com'),(2765,'mail2deanna.com'),(2766,'mail2dearest.com'),(2767,'mail2debbie.com'),(2768,'mail2debby.com'),(2769,'mail2deer.com'),(2770,'mail2delaware.com'),(2771,'mail2delicious.com'),(2772,'mail2demeter.com'),(2773,'mail2democrat.com'),(2774,'mail2denise.com'),(2775,'mail2denmark.com'),(2776,'mail2dennis.com'),(2777,'mail2dentist.com'),(2778,'mail2derek.com'),(2779,'mail2desert.com'),(2780,'mail2devoted.com'),(2781,'mail2devotion.com'),(2782,'mail2diamond.com'),(2783,'mail2diana.com'),(2784,'mail2diane.com'),(2785,'mail2diehard.com'),(2786,'mail2dilemma.com'),(2787,'mail2dillon.com'),(2788,'mail2dinner.com'),(2789,'mail2dinosaur.com'),(2790,'mail2dionysos.com'),(2791,'mail2diplomat.com'),(2792,'mail2director.com'),(2793,'mail2dirk.com'),(2794,'mail2disco.com'),(2795,'mail2dive.com'),(2796,'mail2diver.com'),(2797,'mail2divorced.com'),(2798,'mail2djibouti.com'),(2799,'mail2doctor.com'),(2800,'mail2doglover.com'),(2801,'mail2dominic.com'),(2802,'mail2dominica.com'),(2803,'mail2dominicanrepublic.com'),(2804,'mail2don.com'),(2805,'mail2donald.com'),(2806,'mail2donna.com'),(2807,'mail2doris.com'),(2808,'mail2dorothy.com'),(2809,'mail2doug.com'),(2810,'mail2dough.com'),(2811,'mail2douglas.com'),(2812,'mail2dow.com'),(2813,'mail2downtown.com'),(2814,'mail2dream.com'),(2815,'mail2dreamer.com'),(2816,'mail2dude.com'),(2817,'mail2dustin.com'),(2818,'mail2dyke.com'),(2819,'mail2dylan.com'),(2820,'mail2earl.com'),(2821,'mail2earth.com'),(2822,'mail2eastend.com'),(2823,'mail2eat.com'),(2824,'mail2economist.com'),(2825,'mail2ecuador.com'),(2826,'mail2eddie.com'),(2827,'mail2edgar.com'),(2828,'mail2edwin.com'),(2829,'mail2egypt.com'),(2830,'mail2electron.com'),(2831,'mail2eli.com'),(2832,'mail2elizabeth.com'),(2833,'mail2ellen.com'),(2834,'mail2elliot.com'),(2835,'mail2elsalvador.com'),(2836,'mail2elvis.com'),(2837,'mail2emergency.com'),(2838,'mail2emily.com'),(2839,'mail2engineer.com'),(2840,'mail2english.com'),(2841,'mail2environmentalist.com'),(2842,'mail2eos.com'),(2843,'mail2eric.com'),(2844,'mail2erica.com'),(2845,'mail2erin.com'),(2846,'mail2erinyes.com'),(2847,'mail2eris.com'),(2848,'mail2eritrea.com'),(2849,'mail2ernie.com'),(2850,'mail2eros.com'),(2851,'mail2estonia.com'),(2852,'mail2ethan.com'),(2853,'mail2ethiopia.com'),(2854,'mail2eu.com'),(2855,'mail2europe.com'),(2856,'mail2eurus.com'),(2857,'mail2eva.com'),(2858,'mail2evan.com'),(2859,'mail2evelyn.com'),(2860,'mail2everything.com'),(2861,'mail2exciting.com'),(2862,'mail2expert.com'),(2863,'mail2fairy.com'),(2864,'mail2faith.com'),(2865,'mail2fanatic.com'),(2866,'mail2fancy.com'),(2867,'mail2fantasy.com'),(2868,'mail2farm.com'),(2869,'mail2farmer.com'),(2870,'mail2fashion.com'),(2871,'mail2fat.com'),(2872,'mail2feeling.com'),(2873,'mail2female.com'),(2874,'mail2fever.com'),(2875,'mail2fighter.com'),(2876,'mail2fiji.com'),(2877,'mail2filmfestival.com'),(2878,'mail2films.com'),(2879,'mail2finance.com'),(2880,'mail2finland.com'),(2881,'mail2fireman.com'),(2882,'mail2firm.com'),(2883,'mail2fisherman.com'),(2884,'mail2flexible.com'),(2885,'mail2florence.com'),(2886,'mail2florida.com'),(2887,'mail2floyd.com'),(2888,'mail2fly.com'),(2889,'mail2fond.com'),(2890,'mail2fondness.com'),(2891,'mail2football.com'),(2892,'mail2footballfan.com'),(2893,'mail2found.com'),(2894,'mail2france.com'),(2895,'mail2frank.com'),(2896,'mail2frankfurt.com'),(2897,'mail2franklin.com'),(2898,'mail2fred.com'),(2899,'mail2freddie.com'),(2900,'mail2free.com'),(2901,'mail2freedom.com'),(2902,'mail2french.com'),(2903,'mail2freudian.com'),(2904,'mail2friendship.com'),(2905,'mail2from.com'),(2906,'mail2fun.com'),(2907,'mail2gabon.com'),(2908,'mail2gabriel.com'),(2909,'mail2gail.com'),(2910,'mail2galaxy.com'),(2911,'mail2gambia.com'),(2912,'mail2games.com'),(2913,'mail2gary.com'),(2914,'mail2gavin.com'),(2915,'mail2gemini.com'),(2916,'mail2gene.com'),(2917,'mail2genes.com'),(2918,'mail2geneva.com'),(2919,'mail2george.com'),(2920,'mail2georgia.com'),(2921,'mail2gerald.com'),(2922,'mail2german.com'),(2923,'mail2germany.com'),(2924,'mail2ghana.com'),(2925,'mail2gilbert.com'),(2926,'mail2gina.com'),(2927,'mail2girl.com'),(2928,'mail2glen.com'),(2929,'mail2gloria.com'),(2930,'mail2goddess.com'),(2931,'mail2gold.com'),(2932,'mail2golfclub.com'),(2933,'mail2golfer.com'),(2934,'mail2gordon.com'),(2935,'mail2government.com'),(2936,'mail2grab.com'),(2937,'mail2grace.com'),(2938,'mail2graham.com'),(2939,'mail2grandma.com'),(2940,'mail2grandpa.com'),(2941,'mail2grant.com'),(2942,'mail2greece.com'),(2943,'mail2green.com'),(2944,'mail2greg.com'),(2945,'mail2grenada.com'),(2946,'mail2gsm.com'),(2947,'mail2guard.com'),(2948,'mail2guatemala.com'),(2949,'mail2guy.com'),(2950,'mail2hades.com'),(2951,'mail2haiti.com'),(2952,'mail2hal.com'),(2953,'mail2handhelds.com'),(2954,'mail2hank.com'),(2955,'mail2hannah.com'),(2956,'mail2harold.com'),(2957,'mail2harry.com'),(2958,'mail2hawaii.com'),(2959,'mail2headhunter.com'),(2960,'mail2heal.com'),(2961,'mail2heather.com'),(2962,'mail2heaven.com'),(2963,'mail2hebe.com'),(2964,'mail2hecate.com'),(2965,'mail2heidi.com'),(2966,'mail2helen.com'),(2967,'mail2hell.com'),(2968,'mail2help.com'),(2969,'mail2helpdesk.com'),(2970,'mail2henry.com'),(2971,'mail2hephaestus.com'),(2972,'mail2hera.com'),(2973,'mail2hercules.com'),(2974,'mail2herman.com'),(2975,'mail2hermes.com'),(2976,'mail2hespera.com'),(2977,'mail2hestia.com'),(2978,'mail2highschool.com'),(2979,'mail2hindu.com'),(2980,'mail2hip.com'),(2981,'mail2hiphop.com'),(2982,'mail2holland.com'),(2983,'mail2holly.com'),(2984,'mail2hollywood.com'),(2985,'mail2homer.com'),(2986,'mail2honduras.com'),(2987,'mail2honey.com'),(2988,'mail2hongkong.com'),(2989,'mail2hope.com'),(2990,'mail2horse.com'),(2991,'mail2hot.com'),(2992,'mail2hotel.com'),(2993,'mail2houston.com'),(2994,'mail2howard.com'),(2995,'mail2hugh.com'),(2996,'mail2human.com'),(2997,'mail2hungary.com'),(2998,'mail2hungry.com'),(2999,'mail2hygeia.com'),(3000,'mail2hyperspace.com'),(3001,'mail2hypnos.com'),(3002,'mail2ian.com'),(3003,'mail2ice-cream.com'),(3004,'mail2iceland.com'),(3005,'mail2idaho.com'),(3006,'mail2idontknow.com'),(3007,'mail2illinois.com'),(3008,'mail2imam.com'),(3009,'mail2in.com'),(3010,'mail2india.com'),(3011,'mail2indian.com'),(3012,'mail2indiana.com'),(3013,'mail2indonesia.com'),(3014,'mail2infinity.com'),(3015,'mail2intense.com'),(3016,'mail2iowa.com'),(3017,'mail2iran.com'),(3018,'mail2iraq.com'),(3019,'mail2ireland.com'),(3020,'mail2irene.com'),(3021,'mail2iris.com'),(3022,'mail2irresistible.com'),(3023,'mail2irving.com'),(3024,'mail2irwin.com'),(3025,'mail2isaac.com'),(3026,'mail2israel.com'),(3027,'mail2italian.com'),(3028,'mail2italy.com'),(3029,'mail2jackie.com'),(3030,'mail2jacob.com'),(3031,'mail2jail.com'),(3032,'mail2jaime.com'),(3033,'mail2jake.com'),(3034,'mail2jamaica.com'),(3035,'mail2james.com'),(3036,'mail2jamie.com'),(3037,'mail2jan.com'),(3038,'mail2jane.com'),(3039,'mail2janet.com'),(3040,'mail2janice.com'),(3041,'mail2japan.com'),(3042,'mail2japanese.com'),(3043,'mail2jasmine.com'),(3044,'mail2jason.com'),(3045,'mail2java.com'),(3046,'mail2jay.com'),(3047,'mail2jazz.com'),(3048,'mail2jed.com'),(3049,'mail2jeffrey.com'),(3050,'mail2jennifer.com'),(3051,'mail2jenny.com'),(3052,'mail2jeremy.com'),(3053,'mail2jerry.com'),(3054,'mail2jessica.com'),(3055,'mail2jessie.com'),(3056,'mail2jesus.com'),(3057,'mail2jew.com'),(3058,'mail2jeweler.com'),(3059,'mail2jim.com'),(3060,'mail2jimmy.com'),(3061,'mail2joan.com'),(3062,'mail2joann.com'),(3063,'mail2joanna.com'),(3064,'mail2jody.com'),(3065,'mail2joe.com'),(3066,'mail2joel.com'),(3067,'mail2joey.com'),(3068,'mail2john.com'),(3069,'mail2join.com'),(3070,'mail2jon.com'),(3071,'mail2jonathan.com'),(3072,'mail2jones.com'),(3073,'mail2jordan.com'),(3074,'mail2joseph.com'),(3075,'mail2josh.com'),(3076,'mail2joy.com'),(3077,'mail2juan.com'),(3078,'mail2judge.com'),(3079,'mail2judy.com'),(3080,'mail2juggler.com'),(3081,'mail2julian.com'),(3082,'mail2julie.com'),(3083,'mail2jumbo.com'),(3084,'mail2junk.com'),(3085,'mail2justin.com'),(3086,'mail2justme.com'),(3087,'mail2k.ru'),(3088,'mail2kansas.com'),(3089,'mail2karate.com'),(3090,'mail2karen.com'),(3091,'mail2karl.com'),(3092,'mail2karma.com'),(3093,'mail2kathleen.com'),(3094,'mail2kathy.com'),(3095,'mail2katie.com'),(3096,'mail2kay.com'),(3097,'mail2kazakhstan.com'),(3098,'mail2keen.com'),(3099,'mail2keith.com'),(3100,'mail2kelly.com'),(3101,'mail2kelsey.com'),(3102,'mail2ken.com'),(3103,'mail2kendall.com'),(3104,'mail2kennedy.com'),(3105,'mail2kenneth.com'),(3106,'mail2kenny.com'),(3107,'mail2kentucky.com'),(3108,'mail2kenya.com'),(3109,'mail2kerry.com'),(3110,'mail2kevin.com'),(3111,'mail2kim.com'),(3112,'mail2kimberly.com'),(3113,'mail2king.com'),(3114,'mail2kirk.com'),(3115,'mail2kiss.com'),(3116,'mail2kosher.com'),(3117,'mail2kristin.com'),(3118,'mail2kurt.com'),(3119,'mail2kuwait.com'),(3120,'mail2kyle.com'),(3121,'mail2kyrgyzstan.com'),(3122,'mail2la.com'),(3123,'mail2lacrosse.com'),(3124,'mail2lance.com'),(3125,'mail2lao.com'),(3126,'mail2larry.com'),(3127,'mail2latvia.com'),(3128,'mail2laugh.com'),(3129,'mail2laura.com'),(3130,'mail2lauren.com'),(3131,'mail2laurie.com'),(3132,'mail2lawrence.com'),(3133,'mail2lawyer.com'),(3134,'mail2lebanon.com'),(3135,'mail2lee.com'),(3136,'mail2leo.com'),(3137,'mail2leon.com'),(3138,'mail2leonard.com'),(3139,'mail2leone.com'),(3140,'mail2leslie.com'),(3141,'mail2letter.com'),(3142,'mail2liberia.com'),(3143,'mail2libertarian.com'),(3144,'mail2libra.com'),(3145,'mail2libya.com'),(3146,'mail2liechtenstein.com'),(3147,'mail2life.com'),(3148,'mail2linda.com'),(3149,'mail2linux.com'),(3150,'mail2lionel.com'),(3151,'mail2lipstick.com'),(3152,'mail2liquid.com'),(3153,'mail2lisa.com'),(3154,'mail2lithuania.com'),(3155,'mail2litigator.com'),(3156,'mail2liz.com'),(3157,'mail2lloyd.com'),(3158,'mail2lois.com'),(3159,'mail2lola.com'),(3160,'mail2london.com'),(3161,'mail2looking.com'),(3162,'mail2lori.com'),(3163,'mail2lost.com'),(3164,'mail2lou.com'),(3165,'mail2louis.com'),(3166,'mail2louisiana.com'),(3167,'mail2lovable.com'),(3168,'mail2love.com'),(3169,'mail2lucky.com'),(3170,'mail2lucy.com'),(3171,'mail2lunch.com'),(3172,'mail2lust.com'),(3173,'mail2luxembourg.com'),(3174,'mail2luxury.com'),(3175,'mail2lyle.com'),(3176,'mail2lynn.com'),(3177,'mail2madagascar.com'),(3178,'mail2madison.com'),(3179,'mail2madrid.com'),(3180,'mail2maggie.com'),(3181,'mail2mail4.com'),(3182,'mail2maine.com'),(3183,'mail2malawi.com'),(3184,'mail2malaysia.com'),(3185,'mail2maldives.com'),(3186,'mail2mali.com'),(3187,'mail2malta.com'),(3188,'mail2mambo.com'),(3189,'mail2man.com'),(3190,'mail2mandy.com'),(3191,'mail2manhunter.com'),(3192,'mail2mankind.com'),(3193,'mail2many.com'),(3194,'mail2marc.com'),(3195,'mail2marcia.com'),(3196,'mail2margaret.com'),(3197,'mail2margie.com'),(3198,'mail2marhaba.com'),(3199,'mail2maria.com'),(3200,'mail2marilyn.com'),(3201,'mail2marines.com'),(3202,'mail2mark.com'),(3203,'mail2marriage.com'),(3204,'mail2married.com'),(3205,'mail2marries.com'),(3206,'mail2mars.com'),(3207,'mail2marsha.com'),(3208,'mail2marshallislands.com'),(3209,'mail2martha.com'),(3210,'mail2martin.com'),(3211,'mail2marty.com'),(3212,'mail2marvin.com'),(3213,'mail2mary.com'),(3214,'mail2maryland.com'),(3215,'mail2mason.com'),(3216,'mail2massachusetts.com'),(3217,'mail2matt.com'),(3218,'mail2matthew.com'),(3219,'mail2maurice.com'),(3220,'mail2mauritania.com'),(3221,'mail2mauritius.com'),(3222,'mail2max.com'),(3223,'mail2maxwell.com'),(3224,'mail2maybe.com'),(3225,'mail2mba.com'),(3226,'mail2me4u.com'),(3227,'mail2mechanic.com'),(3228,'mail2medieval.com'),(3229,'mail2megan.com'),(3230,'mail2mel.com'),(3231,'mail2melanie.com'),(3232,'mail2melissa.com'),(3233,'mail2melody.com'),(3234,'mail2member.com'),(3235,'mail2memphis.com'),(3236,'mail2methodist.com'),(3237,'mail2mexican.com'),(3238,'mail2mexico.com'),(3239,'mail2mgz.com'),(3240,'mail2miami.com'),(3241,'mail2michael.com'),(3242,'mail2michelle.com'),(3243,'mail2michigan.com'),(3244,'mail2mike.com'),(3245,'mail2milan.com'),(3246,'mail2milano.com'),(3247,'mail2mildred.com'),(3248,'mail2milkyway.com'),(3249,'mail2millennium.com'),(3250,'mail2millionaire.com'),(3251,'mail2milton.com'),(3252,'mail2mime.com'),(3253,'mail2mindreader.com'),(3254,'mail2mini.com'),(3255,'mail2minister.com'),(3256,'mail2minneapolis.com'),(3257,'mail2minnesota.com'),(3258,'mail2miracle.com'),(3259,'mail2missionary.com'),(3260,'mail2mississippi.com'),(3261,'mail2missouri.com'),(3262,'mail2mitch.com'),(3263,'mail2model.com'),(3264,'mail2moldova.commail2molly.com'),(3265,'mail2mom.com'),(3266,'mail2monaco.com'),(3267,'mail2money.com'),(3268,'mail2mongolia.com'),(3269,'mail2monica.com'),(3270,'mail2montana.com'),(3271,'mail2monty.com'),(3272,'mail2moon.com'),(3273,'mail2morocco.com'),(3274,'mail2morpheus.com'),(3275,'mail2mors.com'),(3276,'mail2moscow.com'),(3277,'mail2moslem.com'),(3278,'mail2mouseketeer.com'),(3279,'mail2movies.com'),(3280,'mail2mozambique.com'),(3281,'mail2mp3.com'),(3282,'mail2mrright.com'),(3283,'mail2msright.com'),(3284,'mail2museum.com'),(3285,'mail2music.com'),(3286,'mail2musician.com'),(3287,'mail2muslim.com'),(3288,'mail2my.com'),(3289,'mail2myboat.com'),(3290,'mail2mycar.com'),(3291,'mail2mycell.com'),(3292,'mail2mygsm.com'),(3293,'mail2mylaptop.com'),(3294,'mail2mymac.com'),(3295,'mail2mypager.com'),(3296,'mail2mypalm.com'),(3297,'mail2mypc.com'),(3298,'mail2myphone.com'),(3299,'mail2myplane.com'),(3300,'mail2namibia.com'),(3301,'mail2nancy.com'),(3302,'mail2nasdaq.com'),(3303,'mail2nathan.com'),(3304,'mail2nauru.com'),(3305,'mail2navy.com'),(3306,'mail2neal.com'),(3307,'mail2nebraska.com'),(3308,'mail2ned.com'),(3309,'mail2neil.com'),(3310,'mail2nelson.com'),(3311,'mail2nemesis.com'),(3312,'mail2nepal.com'),(3313,'mail2netherlands.com'),(3314,'mail2network.com'),(3315,'mail2nevada.com'),(3316,'mail2newhampshire.com'),(3317,'mail2newjersey.com'),(3318,'mail2newmexico.com'),(3319,'mail2newyork.com'),(3320,'mail2newzealand.com'),(3321,'mail2nicaragua.com'),(3322,'mail2nick.com'),(3323,'mail2nicole.com'),(3324,'mail2niger.com'),(3325,'mail2nigeria.com'),(3326,'mail2nike.com'),(3327,'mail2no.com'),(3328,'mail2noah.com'),(3329,'mail2noel.com'),(3330,'mail2noelle.com'),(3331,'mail2normal.com'),(3332,'mail2norman.com'),(3333,'mail2northamerica.com'),(3334,'mail2northcarolina.com'),(3335,'mail2northdakota.com'),(3336,'mail2northpole.com'),(3337,'mail2norway.com'),(3338,'mail2notus.com'),(3339,'mail2noway.com'),(3340,'mail2nowhere.com'),(3341,'mail2nuclear.com'),(3342,'mail2nun.com'),(3343,'mail2ny.com'),(3344,'mail2oasis.com'),(3345,'mail2oceanographer.com'),(3346,'mail2ohio.com'),(3347,'mail2ok.com'),(3348,'mail2oklahoma.com'),(3349,'mail2oliver.com'),(3350,'mail2oman.com'),(3351,'mail2one.com'),(3352,'mail2onfire.com'),(3353,'mail2online.com'),(3354,'mail2oops.com'),(3355,'mail2open.com'),(3356,'mail2ophthalmologist.com'),(3357,'mail2optometrist.com'),(3358,'mail2oregon.com'),(3359,'mail2oscars.com'),(3360,'mail2oslo.com'),(3361,'mail2painter.com'),(3362,'mail2pakistan.com'),(3363,'mail2palau.com'),(3364,'mail2pan.com'),(3365,'mail2panama.com'),(3366,'mail2paraguay.com'),(3367,'mail2paralegal.com'),(3368,'mail2paris.com'),(3369,'mail2park.com'),(3370,'mail2parker.com'),(3371,'mail2party.com'),(3372,'mail2passion.com'),(3373,'mail2pat.com'),(3374,'mail2patricia.com'),(3375,'mail2patrick.com'),(3376,'mail2patty.com'),(3377,'mail2paul.com'),(3378,'mail2paula.com'),(3379,'mail2pay.com'),(3380,'mail2peace.com'),(3381,'mail2pediatrician.com'),(3382,'mail2peggy.com'),(3383,'mail2pennsylvania.com'),(3384,'mail2perry.com'),(3385,'mail2persephone.com'),(3386,'mail2persian.com'),(3387,'mail2peru.com'),(3388,'mail2pete.com'),(3389,'mail2peter.com'),(3390,'mail2pharmacist.com'),(3391,'mail2phil.com'),(3392,'mail2philippines.com'),(3393,'mail2phoenix.com'),(3394,'mail2phonecall.com'),(3395,'mail2phyllis.com'),(3396,'mail2pickup.com'),(3397,'mail2pilot.com'),(3398,'mail2pisces.com'),(3399,'mail2planet.com'),(3400,'mail2platinum.com'),(3401,'mail2plato.com'),(3402,'mail2pluto.com'),(3403,'mail2pm.com'),(3404,'mail2podiatrist.com'),(3405,'mail2poet.com'),(3406,'mail2poland.com'),(3407,'mail2policeman.com'),(3408,'mail2policewoman.com'),(3409,'mail2politician.com'),(3410,'mail2pop.com'),(3411,'mail2pope.com'),(3412,'mail2popular.com'),(3413,'mail2portugal.com'),(3414,'mail2poseidon.com'),(3415,'mail2potatohead.com'),(3416,'mail2power.com'),(3417,'mail2presbyterian.com'),(3418,'mail2president.com'),(3419,'mail2priest.com'),(3420,'mail2prince.com'),(3421,'mail2princess.com'),(3422,'mail2producer.com'),(3423,'mail2professor.com'),(3424,'mail2protect.com'),(3425,'mail2psychiatrist.com'),(3426,'mail2psycho.com'),(3427,'mail2psychologist.com'),(3428,'mail2qatar.com'),(3429,'mail2queen.com'),(3430,'mail2rabbi.com'),(3431,'mail2race.com'),(3432,'mail2racer.com'),(3433,'mail2rachel.com'),(3434,'mail2rage.com'),(3435,'mail2rainmaker.com'),(3436,'mail2ralph.com'),(3437,'mail2randy.com'),(3438,'mail2rap.com'),(3439,'mail2rare.com'),(3440,'mail2rave.com'),(3441,'mail2ray.com'),(3442,'mail2raymond.com'),(3443,'mail2realtor.com'),(3444,'mail2rebecca.com'),(3445,'mail2recruiter.com'),(3446,'mail2recycle.com'),(3447,'mail2redhead.com'),(3448,'mail2reed.com'),(3449,'mail2reggie.com'),(3450,'mail2register.com'),(3451,'mail2rent.com'),(3452,'mail2republican.com'),(3453,'mail2resort.com'),(3454,'mail2rex.com'),(3455,'mail2rhodeisland.com'),(3456,'mail2rich.com'),(3457,'mail2richard.com'),(3458,'mail2ricky.com'),(3459,'mail2ride.com'),(3460,'mail2riley.com'),(3461,'mail2rita.com'),(3462,'mail2rob.com'),(3463,'mail2robert.com'),(3464,'mail2roberta.com'),(3465,'mail2robin.com'),(3466,'mail2rock.com'),(3467,'mail2rocker.com'),(3468,'mail2rod.com'),(3469,'mail2rodney.com'),(3470,'mail2romania.com'),(3471,'mail2rome.com'),(3472,'mail2ron.com'),(3473,'mail2ronald.com'),(3474,'mail2ronnie.com'),(3475,'mail2rose.com'),(3476,'mail2rosie.com'),(3477,'mail2roy.com'),(3478,'mail2rss.org'),(3479,'mail2rudy.com'),(3480,'mail2rugby.com'),(3481,'mail2runner.com'),(3482,'mail2russell.com'),(3483,'mail2russia.com'),(3484,'mail2russian.com'),(3485,'mail2rusty.com'),(3486,'mail2ruth.com'),(3487,'mail2rwanda.com'),(3488,'mail2ryan.com'),(3489,'mail2sa.com'),(3490,'mail2sabrina.com'),(3491,'mail2safe.com'),(3492,'mail2sagittarius.com'),(3493,'mail2sail.com'),(3494,'mail2sailor.com'),(3495,'mail2sal.com'),(3496,'mail2salaam.com'),(3497,'mail2sam.com'),(3498,'mail2samantha.com'),(3499,'mail2samoa.com'),(3500,'mail2samurai.com'),(3501,'mail2sandra.com'),(3502,'mail2sandy.com'),(3503,'mail2sanfrancisco.com'),(3504,'mail2sanmarino.com'),(3505,'mail2santa.com'),(3506,'mail2sara.com'),(3507,'mail2sarah.com'),(3508,'mail2sat.com'),(3509,'mail2saturn.com'),(3510,'mail2saudi.com'),(3511,'mail2saudiarabia.com'),(3512,'mail2save.com'),(3513,'mail2savings.com'),(3514,'mail2school.com'),(3515,'mail2scientist.com'),(3516,'mail2scorpio.com'),(3517,'mail2scott.com'),(3518,'mail2sean.com'),(3519,'mail2search.com'),(3520,'mail2seattle.com'),(3521,'mail2secretagent.com'),(3522,'mail2senate.com'),(3523,'mail2senegal.com'),(3524,'mail2sensual.com'),(3525,'mail2seth.com'),(3526,'mail2sevenseas.com'),(3527,'mail2sexy.com'),(3528,'mail2seychelles.com'),(3529,'mail2shane.com'),(3530,'mail2sharon.com'),(3531,'mail2shawn.com'),(3532,'mail2ship.com'),(3533,'mail2shirley.com'),(3534,'mail2shoot.com'),(3535,'mail2shuttle.com'),(3536,'mail2sierraleone.com'),(3537,'mail2simon.com'),(3538,'mail2singapore.com'),(3539,'mail2single.com'),(3540,'mail2site.com'),(3541,'mail2skater.com'),(3542,'mail2skier.com'),(3543,'mail2sky.com'),(3544,'mail2sleek.com'),(3545,'mail2slim.com'),(3546,'mail2slovakia.com'),(3547,'mail2slovenia.com'),(3548,'mail2smile.com'),(3549,'mail2smith.com'),(3550,'mail2smooth.com'),(3551,'mail2soccer.com'),(3552,'mail2soccerfan.com'),(3553,'mail2socialist.com'),(3554,'mail2soldier.com'),(3555,'mail2somalia.com'),(3556,'mail2son.com'),(3557,'mail2song.com'),(3558,'mail2sos.com'),(3559,'mail2sound.com'),(3560,'mail2southafrica.com'),(3561,'mail2southamerica.com'),(3562,'mail2southcarolina.com'),(3563,'mail2southdakota.com'),(3564,'mail2southkorea.com'),(3565,'mail2southpole.com'),(3566,'mail2spain.com'),(3567,'mail2spanish.com'),(3568,'mail2spare.com'),(3569,'mail2spectrum.com'),(3570,'mail2splash.com'),(3571,'mail2sponsor.com'),(3572,'mail2sports.com'),(3573,'mail2srilanka.com'),(3574,'mail2stacy.com'),(3575,'mail2stan.com'),(3576,'mail2stanley.com'),(3577,'mail2star.com'),(3578,'mail2state.com'),(3579,'mail2stephanie.com'),(3580,'mail2steve.com'),(3581,'mail2steven.com'),(3582,'mail2stewart.com'),(3583,'mail2stlouis.com'),(3584,'mail2stock.com'),(3585,'mail2stockholm.com'),(3586,'mail2stockmarket.com'),(3587,'mail2storage.com'),(3588,'mail2store.com'),(3589,'mail2strong.com'),(3590,'mail2student.com'),(3591,'mail2studio.com'),(3592,'mail2studio54.com'),(3593,'mail2stuntman.com'),(3594,'mail2subscribe.com'),(3595,'mail2sudan.com'),(3596,'mail2superstar.com'),(3597,'mail2surfer.com'),(3598,'mail2suriname.com'),(3599,'mail2susan.com'),(3600,'mail2suzie.com'),(3601,'mail2swaziland.com'),(3602,'mail2sweden.com'),(3603,'mail2sweetheart.com'),(3604,'mail2swim.com'),(3605,'mail2swimmer.com'),(3606,'mail2swiss.com'),(3607,'mail2switzerland.com'),(3608,'mail2sydney.com'),(3609,'mail2sylvia.com'),(3610,'mail2syria.com'),(3611,'mail2taboo.com'),(3612,'mail2taiwan.com'),(3613,'mail2tajikistan.com'),(3614,'mail2tammy.com'),(3615,'mail2tango.com'),(3616,'mail2tanya.com'),(3617,'mail2tanzania.com'),(3618,'mail2tara.com'),(3619,'mail2taurus.com'),(3620,'mail2taxi.com'),(3621,'mail2taxidermist.com'),(3622,'mail2taylor.com'),(3623,'mail2taz.com'),(3624,'mail2teacher.com'),(3625,'mail2technician.com'),(3626,'mail2ted.com'),(3627,'mail2telephone.com'),(3628,'mail2teletubbie.com'),(3629,'mail2tenderness.com'),(3630,'mail2tennessee.com'),(3631,'mail2tennis.com'),(3632,'mail2tennisfan.com'),(3633,'mail2terri.com'),(3634,'mail2terry.com'),(3635,'mail2test.com'),(3636,'mail2texas.com'),(3637,'mail2thailand.com'),(3638,'mail2therapy.com'),(3639,'mail2think.com'),(3640,'mail2tickets.com'),(3641,'mail2tiffany.com'),(3642,'mail2tim.com'),(3643,'mail2time.com'),(3644,'mail2timothy.com'),(3645,'mail2tina.com'),(3646,'mail2titanic.com'),(3647,'mail2toby.com'),(3648,'mail2todd.com'),(3649,'mail2togo.com'),(3650,'mail2tom.com'),(3651,'mail2tommy.com'),(3652,'mail2tonga.com'),(3653,'mail2tony.com'),(3654,'mail2touch.com'),(3655,'mail2tourist.com'),(3656,'mail2tracey.com'),(3657,'mail2tracy.com'),(3658,'mail2tramp.com'),(3659,'mail2travel.com'),(3660,'mail2traveler.com'),(3661,'mail2travis.com'),(3662,'mail2trekkie.com'),(3663,'mail2trex.com'),(3664,'mail2triallawyer.com'),(3665,'mail2trick.com'),(3666,'mail2trillionaire.com'),(3667,'mail2troy.com'),(3668,'mail2truck.com'),(3669,'mail2trump.com'),(3670,'mail2try.com'),(3671,'mail2tunisia.com'),(3672,'mail2turbo.com'),(3673,'mail2turkey.com'),(3674,'mail2turkmenistan.com'),(3675,'mail2tv.com'),(3676,'mail2tycoon.com'),(3677,'mail2tyler.com'),(3678,'mail2u4me.com'),(3679,'mail2uae.com'),(3680,'mail2uganda.com'),(3681,'mail2uk.com'),(3682,'mail2ukraine.com'),(3683,'mail2uncle.com'),(3684,'mail2unsubscribe.com'),(3685,'mail2uptown.com'),(3686,'mail2uruguay.com'),(3687,'mail2usa.com'),(3688,'mail2utah.com'),(3689,'mail2uzbekistan.com'),(3690,'mail2v.com'),(3691,'mail2vacation.com'),(3692,'mail2valentines.com'),(3693,'mail2valerie.com'),(3694,'mail2valley.com'),(3695,'mail2vamoose.com'),(3696,'mail2vanessa.com'),(3697,'mail2vanuatu.com'),(3698,'mail2venezuela.com'),(3699,'mail2venous.com'),(3700,'mail2venus.com'),(3701,'mail2vermont.com'),(3702,'mail2vickie.com'),(3703,'mail2victor.com'),(3704,'mail2victoria.com'),(3705,'mail2vienna.com'),(3706,'mail2vietnam.com'),(3707,'mail2vince.com'),(3708,'mail2virginia.com'),(3709,'mail2virgo.com'),(3710,'mail2visionary.com'),(3711,'mail2vodka.com'),(3712,'mail2volleyball.com'),(3713,'mail2waiter.com'),(3714,'mail2wallstreet.com'),(3715,'mail2wally.com'),(3716,'mail2walter.com'),(3717,'mail2warren.com'),(3718,'mail2washington.com'),(3719,'mail2wave.com'),(3720,'mail2way.com'),(3721,'mail2waycool.com'),(3722,'mail2wayne.com'),(3723,'mail2webmaster.com'),(3724,'mail2webtop.com'),(3725,'mail2webtv.com'),(3726,'mail2weird.com'),(3727,'mail2wendell.com'),(3728,'mail2wendy.com'),(3729,'mail2westend.com'),(3730,'mail2westvirginia.com'),(3731,'mail2whether.com'),(3732,'mail2whip.com'),(3733,'mail2white.com'),(3734,'mail2whitehouse.com'),(3735,'mail2whitney.com'),(3736,'mail2why.com'),(3737,'mail2wilbur.com'),(3738,'mail2wild.com'),(3739,'mail2willard.com'),(3740,'mail2willie.com'),(3741,'mail2wine.com'),(3742,'mail2winner.com'),(3743,'mail2wired.com'),(3744,'mail2wisconsin.com'),(3745,'mail2woman.com'),(3746,'mail2wonder.com'),(3747,'mail2world.com'),(3748,'mail2worship.com'),(3749,'mail2wow.com'),(3750,'mail2www.com'),(3751,'mail2wyoming.com'),(3752,'mail2xfiles.com'),(3753,'mail2xox.com'),(3754,'mail2yachtclub.com'),(3755,'mail2yahalla.com'),(3756,'mail2yemen.com'),(3757,'mail2yes.com'),(3758,'mail2yugoslavia.com'),(3759,'mail2zack.com'),(3760,'mail2zambia.com'),(3761,'mail2zenith.com'),(3762,'mail2zephir.com'),(3763,'mail2zeus.com'),(3764,'mail2zipper.com'),(3765,'mail2zoo.com'),(3766,'mail2zoologist.com'),(3767,'mail2zurich.com'),(3768,'mail3000.com'),(3769,'mail333.com'),(3770,'mail4trash.com'),(3771,'mail4u.info'),(3772,'mail8.com'),(3773,'mailandftp.com'),(3774,'mailandnews.com'),(3775,'mailas.com'),(3776,'mailasia.com'),(3777,'mailbidon.com'),(3778,'mailbiz.biz'),(3779,'mailblocks.com'),(3780,'mailbolt.com'),(3781,'mailbomb.net'),(3782,'mailboom.com'),(3783,'mailbox.as'),(3784,'mailbox.co.za'),(3785,'mailbox.gr'),(3786,'mailbox.hu'),(3787,'mailbox72.biz'),(3788,'mailbox80.biz'),(3789,'mailbr.com.br'),(3790,'mailbucket.org'),(3791,'mailc.net'),(3792,'mailcan.com'),(3793,'mailcat.biz'),(3794,'mailcatch.com'),(3795,'mailcc.com'),(3796,'mailchoose.co'),(3797,'mailcity.com'),(3798,'mailclub.fr'),(3799,'mailclub.net'),(3800,'mailde.de'),(3801,'mailde.info'),(3802,'maildrop.cc'),(3803,'maildrop.gq'),(3804,'maildx.com'),(3805,'mailed.ro'),(3806,'maileimer.de'),(3807,'mailexcite.com'),(3808,'mailexpire.com'),(3809,'mailfa.tk'),(3810,'mailfence.com'),(3811,'mailfly.com'),(3812,'mailforce.net'),(3813,'mailforspam.com'),(3814,'mailfree.gq'),(3815,'mailfreeonline.com'),(3816,'mailfreeway.com'),(3817,'mailfs.com'),(3818,'mailftp.com'),(3819,'mailgate.gr'),(3820,'mailgate.ru'),(3821,'mailgenie.net'),(3822,'mailguard.me'),(3823,'mailhaven.com'),(3824,'mailhood.com'),(3825,'mailimate.com'),(3826,'mailin8r.com'),(3827,'mailinatar.com'),(3828,'mailinater.com'),(3829,'mailinator.com'),(3830,'mailinator.net'),(3831,'mailinator.org'),(3832,'mailinator.us'),(3833,'mailinator2.com'),(3834,'mailinblack.com'),(3835,'mailincubator.com'),(3836,'mailingaddress.org'),(3837,'mailingweb.com'),(3838,'mailisent.com'),(3839,'mailismagic.com'),(3840,'mailite.com'),(3841,'mailmate.com'),(3842,'mailme.dk'),(3843,'mailme.gq'),(3844,'mailme.ir'),(3845,'mailme.lv'),(3846,'mailme24.com'),(3847,'mailmetrash.com'),(3848,'mailmight.com'),(3849,'mailmij.nl'),(3850,'mailmoat.com'),(3851,'mailms.com'),(3852,'mailnator.com'),(3853,'mailnesia.com'),(3854,'mailnew.com'),(3855,'mailnull.com'),(3856,'mailops.com'),(3857,'mailorg.org'),(3858,'mailoye.com'),(3859,'mailpanda.com'),(3860,'mailpick.biz'),(3861,'mailpokemon.com'),(3862,'mailpost.zzn.com'),(3863,'mailpride.com'),(3864,'mailproxsy.com'),(3865,'mailpuppy.com'),(3866,'mailquack.com'),(3867,'mailrock.biz'),(3868,'mailroom.com'),(3869,'mailru.com'),(3870,'mailsac.com'),(3871,'mailscrap.com'),(3872,'mailseal.de'),(3873,'mailsent.net'),(3874,'mailserver.ru'),(3875,'mailservice.ms'),(3876,'mailshell.com'),(3877,'mailshuttle.com'),(3878,'mailsiphon.com'),(3879,'mailslapping.com'),(3880,'mailsnare.net'),(3881,'mailstart.com'),(3882,'mailstartplus.com'),(3883,'mailsurf.com'),(3884,'mailtag.com'),(3885,'mailtemp.info'),(3886,'mailto.de'),(3887,'mailtome.de'),(3888,'mailtothis.com'),(3889,'mailtrash.net'),(3890,'mailtv.net'),(3891,'mailtv.tv'),(3892,'mailueberfall.de'),(3893,'mailup.net'),(3894,'mailwire.com'),(3895,'mailworks.org'),(3896,'mailzi.ru'),(3897,'mailzilla.com'),(3898,'mailzilla.org'),(3899,'makemetheking.com'),(3900,'maktoob.com'),(3901,'malayalamtelevision.net'),(3902,'malayalapathram.com'),(3903,'male.ru'),(3904,'maltesemail.com'),(3905,'mamber.net'),(3906,'manager.de'),(3907,'manager.in.th'),(3908,'mancity.net'),(3909,'manlymail.net'),(3910,'mantrafreenet.com'),(3911,'mantramail.com'),(3912,'mantraonline.com'),(3913,'manutdfans.com'),(3914,'manybrain.com'),(3915,'marchmail.com'),(3916,'marfino.net'),(3917,'margarita.ru'),(3918,'mariah-carey.ml.org'),(3919,'mariahc.com'),(3920,'marijuana.com'),(3921,'marijuana.nl'),(3922,'marketing.lu'),(3923,'marketingfanatic.com'),(3924,'marketweighton.com'),(3925,'married-not.com'),(3926,'marriedandlovingit.com'),(3927,'marry.ru'),(3928,'marsattack.com'),(3929,'martindalemail.com'),(3930,'martinguerre.net'),(3931,'mash4077.com'),(3932,'masrawy.com'),(3933,'matmail.com'),(3934,'mauimail.com'),(3935,'mauritius.com'),(3936,'maximumedge.com'),(3937,'maxleft.com'),(3938,'maxmail.co.uk'),(3939,'mayaple.ru'),(3940,'mbox.com.au'),(3941,'mbx.cc'),(3942,'mchsi.com'),(3943,'mcrmail.com'),(3944,'me-mail.hu'),(3945,'me.com'),(3946,'meanpeoplesuck.com'),(3947,'meatismurder.net'),(3948,'medical.net.au'),(3949,'medmail.com'),(3950,'medscape.com'),(3951,'meetingmall.com'),(3952,'mega.zik.dj'),(3953,'megago.com'),(3954,'megamail.pt'),(3955,'megapoint.com'),(3956,'mehrani.com'),(3957,'mehtaweb.com'),(3958,'meine-dateien.info'),(3959,'meine-diashow.de'),(3960,'meine-fotos.info'),(3961,'meine-urlaubsfotos.de'),(3962,'meinspamschutz.de'),(3963,'mekhong.com'),(3964,'melodymail.com'),(3965,'meloo.com'),(3966,'meltmail.com'),(3967,'members.student.com'),(3968,'menja.net'),(3969,'merda.flu.cc'),(3970,'merda.igg.biz'),(3971,'merda.nut.cc'),(3972,'merda.usa.cc'),(3973,'merseymail.com'),(3974,'mesra.net'),(3975,'message.hu'),(3976,'message.myspace.com'),(3977,'messagebeamer.de'),(3978,'messages.to'),(3979,'messagez.com'),(3980,'metacrawler.com'),(3981,'metalfan.com'),(3982,'metaping.com'),(3983,'metta.lk'),(3984,'mexicomail.com'),(3985,'mezimages.net'),(3986,'mfsa.ru'),(3987,'miatadriver.com'),(3988,'mierdamail.com'),(3989,'miesto.sk'),(3990,'mighty.co.za'),(3991,'migmail.net'),(3992,'migmail.pl'),(3993,'migumail.com'),(3994,'miho-nakayama.com'),(3995,'mikrotamanet.com'),(3996,'millionaireintraining.com'),(3997,'millionairemail.com'),(3998,'milmail.com'),(3999,'milmail.com15'),(4000,'mindless.com'),(4001,'mindspring.com'),(4002,'minermail.com'),(4003,'mini-mail.com'),(4004,'minister.com'),(4005,'ministry-of-silly-walks.de'),(4006,'mintemail.com'),(4007,'misery.net'),(4008,'misterpinball.de'),(4009,'mit.tc'),(4010,'mittalweb.com'),(4011,'mixmail.com'),(4012,'mjfrogmail.com'),(4013,'ml1.net'),(4014,'mlanime.com'),(4015,'mlb.bounce.ed10.net'),(4016,'mm.st'),(4017,'mmail.com'),(4018,'mns.ru'),(4019,'mo3gov.net'),(4020,'moakt.com'),(4021,'mobico.ru'),(4022,'mobilbatam.com'),(4023,'mobileninja.co.uk'),(4024,'mochamail.com'),(4025,'modemnet.net'),(4026,'modernenglish.com'),(4027,'modomail.com'),(4028,'mohammed.com'),(4029,'mohmal.com'),(4030,'moldova.cc'),(4031,'moldova.com'),(4032,'moldovacc.com'),(4033,'mom-mail.com'),(4034,'momslife.com'),(4035,'moncourrier.fr.nf'),(4036,'monemail.com'),(4037,'monemail.fr.nf'),(4038,'money.net'),(4039,'mongol.net'),(4040,'monmail.fr.nf'),(4041,'monsieurcinema.com'),(4042,'montevideo.com.uy'),(4043,'monumentmail.com'),(4044,'moomia.com'),(4045,'moonman.com'),(4046,'moose-mail.com'),(4047,'mor19.uu.gl'),(4048,'mortaza.com'),(4049,'mosaicfx.com'),(4050,'moscowmail.com'),(4051,'mosk.ru'),(4052,'most-wanted.com'),(4053,'mostlysunny.com'),(4054,'motorcyclefan.net'),(4055,'motormania.com'),(4056,'movemail.com'),(4057,'movieemail.net'),(4058,'movieluver.com'),(4059,'mox.pp.ua'),(4060,'mozartmail.com'),(4061,'mozhno.net'),(4062,'mp3haze.com'),(4063,'mp4.it'),(4064,'mr-potatohead.com'),(4065,'mrpost.com'),(4066,'mrspender.com'),(4067,'mscold.com'),(4068,'msgbox.com'),(4069,'msn.cn'),(4070,'msn.com'),(4071,'msn.nl'),(4072,'msx.ru'),(4073,'mt2009.com'),(4074,'mt2014.com'),(4075,'mt2015.com'),(4076,'mt2016.com'),(4077,'mttestdriver.com'),(4078,'muehlacker.tk'),(4079,'multiplechoices'),(4080,'mundomail.net'),(4081,'munich.com'),(4082,'music.com'),(4083,'music.com19'),(4084,'music.maigate.ru'),(4085,'musician.com'),(4086,'musician.org'),(4087,'musicscene.org'),(4088,'muskelshirt.de'),(4089,'muslim.com'),(4090,'muslimemail.com'),(4091,'muslimsonline.com'),(4092,'mutantweb.com'),(4093,'mvrht.com'),(4094,'my.com'),(4095,'my10minutemail.com'),(4096,'mybox.it'),(4097,'mycabin.com'),(4098,'mycampus.com'),(4099,'mycard.net.ua'),(4100,'mycity.com'),(4101,'mycleaninbox.net'),(4102,'mycool.com'),(4103,'mydomain.com'),(4104,'mydotcomaddress.com'),(4105,'myfairpoint.net'),(4106,'myfamily.com'),(4107,'myfastmail.com'),(4108,'myfunnymail.com'),(4109,'mygo.com'),(4110,'myiris.com'),(4111,'myjazzmail.com'),(4112,'mymac.ru'),(4113,'mymacmail.com'),(4114,'mymail-in.net'),(4115,'mymail.ro'),(4116,'mynamedot.com'),(4117,'mynet.com'),(4118,'mynetaddress.com'),(4119,'mynetstore.de'),(4120,'myotw.net'),(4121,'myownemail.com'),(4122,'myownfriends.com'),(4123,'mypacks.net'),(4124,'mypad.com'),(4125,'mypartyclip.de'),(4126,'mypersonalemail.com'),(4127,'myphantomemail.com'),(4128,'myplace.com'),(4129,'myrambler.ru'),(4130,'myrealbox.com'),(4131,'myremarq.com'),(4132,'mysamp.de'),(4133,'myself.com'),(4134,'myspaceinc.net'),(4135,'myspamless.com'),(4136,'mystupidjob.com'),(4137,'mytemp.email'),(4138,'mytempemail.com'),(4139,'mytempmail.com'),(4140,'mythirdage.com'),(4141,'mytrashmail.com'),(4142,'myway.com'),(4143,'myworldmail.com'),(4144,'n2.com'),(4145,'n2baseball.com'),(4146,'n2business.com'),(4147,'n2mail.com'),(4148,'n2soccer.com'),(4149,'n2software.com'),(4150,'nabc.biz'),(4151,'nabuma.com'),(4152,'nafe.com'),(4153,'nagarealm.com'),(4154,'nagpal.net'),(4155,'nakedgreens.com'),(4156,'name.com'),(4157,'nameplanet.com'),(4158,'nanaseaikawa.com'),(4159,'nandomail.com'),(4160,'naplesnews.net'),(4161,'naseej.com'),(4162,'nate.com'),(4163,'nativestar.net'),(4164,'nativeweb.net'),(4165,'naui.net'),(4166,'naver.com'),(4167,'navigator.lv'),(4168,'navy.org'),(4169,'naz.com'),(4170,'nc.rr.com'),(4171,'nc.ru'),(4172,'nchoicemail.com'),(4173,'neeva.net'),(4174,'nekto.com'),(4175,'nekto.net'),(4176,'nekto.ru'),(4177,'nemra1.com'),(4178,'nenter.com'),(4179,'neo.rr.com'),(4180,'neomailbox.com'),(4181,'nepwk.com'),(4182,'nervhq.org'),(4183,'nervmich.net'),(4184,'nervtmich.net'),(4185,'net-c.be'),(4186,'net-c.ca'),(4187,'net-c.cat'),(4188,'net-c.com'),(4189,'net-c.es'),(4190,'net-c.fr'),(4191,'net-c.it'),(4192,'net-c.lu'),(4193,'net-c.nl'),(4194,'net-c.pl'),(4195,'net-pager.net'),(4196,'net-shopping.com'),(4197,'net.tf'),(4198,'net4b.pt'),(4199,'net4you.at'),(4200,'netaddres.ru'),(4201,'netaddress.ru'),(4202,'netbounce.com'),(4203,'netbroadcaster.com'),(4204,'netby.dk'),(4205,'netc.eu'),(4206,'netc.fr'),(4207,'netc.it'),(4208,'netc.lu'),(4209,'netc.pl'),(4210,'netcenter-vn.net'),(4211,'netcity.ru'),(4212,'netcmail.com'),(4213,'netcourrier.com'),(4214,'netexecutive.com'),(4215,'netexpressway.com'),(4216,'netfirms.com'),(4217,'netgenie.com'),(4218,'netian.com'),(4219,'netizen.com.ar'),(4220,'netkushi.com'),(4221,'netlane.com'),(4222,'netlimit.com'),(4223,'netmail.kg'),(4224,'netmails.com'),(4225,'netmails.net'),(4226,'netman.ru'),(4227,'netmanor.com'),(4228,'netmongol.com'),(4229,'netnet.com.sg'),(4230,'netnoir.net'),(4231,'netpiper.com'),(4232,'netposta.net'),(4233,'netradiomail.com'),(4234,'netralink.com'),(4235,'netscape.net'),(4236,'netscapeonline.co.uk'),(4237,'netspace.net.au'),(4238,'netspeedway.com'),(4239,'netsquare.com'),(4240,'netster.com'),(4241,'nettaxi.com'),(4242,'nettemail.com'),(4243,'netterchef.de'),(4244,'netti.fi'),(4245,'netvigator.com'),(4246,'netzero.com'),(4247,'netzero.net'),(4248,'netzidiot.de'),(4249,'netzoola.com'),(4250,'neue-dateien.de'),(4251,'neuf.fr'),(4252,'neuro.md'),(4253,'neustreet.com'),(4254,'neverbox.com'),(4255,'newap.ru'),(4256,'newarbat.net'),(4257,'newmail.com'),(4258,'newmail.net'),(4259,'newmail.ru'),(4260,'newsboysmail.com'),(4261,'newyork.com'),(4262,'newyorkcity.com'),(4263,'nextmail.ru'),(4264,'nexxmail.com'),(4265,'nfmail.com'),(4266,'ngs.ru'),(4267,'nhmail.com'),(4268,'nice-4u.com'),(4269,'nicebush.com'),(4270,'nicegal.com'),(4271,'nicholastse.net'),(4272,'nicolastse.com'),(4273,'niepodam.pl'),(4274,'nightimeuk.com'),(4275,'nightmail.com'),(4276,'nightmail.ru'),(4277,'nikopage.com'),(4278,'nikulino.net'),(4279,'nimail.com'),(4280,'nincsmail.hu'),(4281,'ninfan.com'),(4282,'nirvanafan.com'),(4283,'nm.ru'),(4284,'nmail.cf'),(4285,'nnh.com'),(4286,'nnov.ru'),(4287,'no-spam.ws'),(4288,'no4ma.ru'),(4289,'noavar.com'),(4290,'noblepioneer.com'),(4291,'nogmailspam.info'),(4292,'nomail.pw'),(4293,'nomail.xl.cx'),(4294,'nomail2me.com'),(4295,'nomorespamemails.com'),(4296,'nonpartisan.com'),(4297,'nonspam.eu'),(4298,'nonspammer.de'),(4299,'nonstopcinema.com'),(4300,'norika-fujiwara.com'),(4301,'norikomail.com'),(4302,'northgates.net'),(4303,'nospam.ze.tc'),(4304,'nospam4.us'),(4305,'nospamfor.us'),(4306,'nospammail.net'),(4307,'nospamthanks.info'),(4308,'notmailinator.com'),(4309,'notsharingmy.info'),(4310,'notyouagain.com'),(4311,'novogireevo.net'),(4312,'novokosino.net'),(4313,'nowhere.org'),(4314,'nowmymail.com'),(4315,'ntelos.net'),(4316,'nthrl.com'),(4317,'nthrw.com'),(4318,'ntlhelp.net'),(4319,'ntlworld.com'),(4320,'ntscan.com'),(4321,'null.net'),(4322,'nullbox.info'),(4323,'numep.ru'),(4324,'nur-fuer-spam.de'),(4325,'nurfuerspam.de'),(4326,'nus.edu.sg'),(4327,'nuvse.com'),(4328,'nvhrw.com'),(4329,'nwldx.com'),(4330,'nxt.ru'),(4331,'ny.com'),(4332,'nybce.com'),(4333,'nybella.com'),(4334,'nyc.com'),(4335,'nycmail.com'),(4336,'nz11.com'),(4337,'nzoomail.com'),(4338,'o-tay.com'),(4339,'o2.co.uk'),(4340,'o2.pl'),(4341,'oaklandas-fan.com'),(4342,'oath.com'),(4343,'objectmail.com'),(4344,'obobbo.com'),(4345,'oceanfree.net'),(4346,'ochakovo.net'),(4347,'odaymail.com'),(4348,'oddpost.com'),(4349,'odmail.com'),(4350,'odnorazovoe.ru'),(4351,'office-dateien.de'),(4352,'office-email.com'),(4353,'officedomain.com'),(4354,'offroadwarrior.com'),(4355,'oi.com.br'),(4356,'oicexchange.com'),(4357,'oikrach.com'),(4358,'ok.kz'),(4359,'ok.net'),(4360,'ok.ru'),(4361,'okbank.com'),(4362,'okhuman.com'),(4363,'okmad.com'),(4364,'okmagic.com'),(4365,'okname.net'),(4366,'okuk.com'),(4367,'oldbuthealthy.com'),(4368,'oldies1041.com'),(4369,'oldies104mail.com'),(4370,'ole.com'),(4371,'olemail.com'),(4372,'oligarh.ru'),(4373,'olympist.net'),(4374,'olypmall.ru'),(4375,'omaninfo.com'),(4376,'omen.ru'),(4377,'ondikoi.com'),(4378,'onebox.com'),(4379,'onenet.com.ar'),(4380,'oneoffemail.com'),(4381,'oneoffmail.com'),(4382,'onet.com.pl'),(4383,'onet.eu'),(4384,'onet.pl'),(4385,'onewaymail.com'),(4386,'oninet.pt'),(4387,'onlatedotcom.info'),(4388,'online.de'),(4389,'online.ie'),(4390,'online.ms'),(4391,'online.nl'),(4392,'online.ru'),(4393,'onlinecasinogamblings.com'),(4394,'onlinewiz.com'),(4395,'onmail.com'),(4396,'onmicrosoft.com'),(4397,'onmilwaukee.com'),(4398,'onobox.com'),(4399,'onvillage.com'),(4400,'oopi.org'),(4401,'op.pl'),(4402,'opayq.com'),(4403,'opendiary.com'),(4404,'openmailbox.org'),(4405,'operafan.com'),(4406,'operamail.com'),(4407,'opoczta.pl'),(4408,'optician.com'),(4409,'optonline.net'),(4410,'optusnet.com.au'),(4411,'orange.fr'),(4412,'orange.net'),(4413,'orbitel.bg'),(4414,'ordinaryamerican.net'),(4415,'orgmail.net'),(4416,'orthodontist.net'),(4417,'osite.com.br'),(4418,'oso.com'),(4419,'otakumail.com'),(4420,'otherinbox.com'),(4421,'our-computer.com'),(4422,'our-office.com'),(4423,'our.st'),(4424,'ourbrisbane.com'),(4425,'ourklips.com'),(4426,'ournet.md'),(4427,'outel.com'),(4428,'outgun.com'),(4429,'outlawspam.com'),(4430,'outlook.at'),(4431,'outlook.be'),(4432,'outlook.cl'),(4433,'outlook.co.id'),(4434,'outlook.co.il'),(4435,'outlook.co.nz'),(4436,'outlook.co.th'),(4437,'outlook.com'),(4438,'outlook.com.au'),(4439,'outlook.com.br'),(4440,'outlook.com.gr'),(4441,'outlook.com.pe'),(4442,'outlook.com.tr'),(4443,'outlook.com.vn'),(4444,'outlook.cz'),(4445,'outlook.de'),(4446,'outlook.dk'),(4447,'outlook.es'),(4448,'outlook.fr'),(4449,'outlook.hu'),(4450,'outlook.ie'),(4451,'outlook.in'),(4452,'outlook.it'),(4453,'outlook.jp'),(4454,'outlook.kr'),(4455,'outlook.lv'),(4456,'outlook.my'),(4457,'outlook.nl'),(4458,'outlook.ph'),(4459,'outlook.pt'),(4460,'outlook.sa'),(4461,'outlook.sg'),(4462,'outlook.sk'),(4463,'outloook.com'),(4464,'over-the-rainbow.com'),(4465,'ovi.com'),(4466,'ovpn.to'),(4467,'owlpic.com'),(4468,'ownmail.net'),(4469,'ozbytes.net.au'),(4470,'ozemail.com.au'),(4471,'ozz.ru'),(4472,'pacbell.net'),(4473,'pacific-ocean.com'),(4474,'pacific-re.com'),(4475,'pacificwest.com'),(4476,'packersfan.com'),(4477,'pagina.de'),(4478,'pagons.org'),(4479,'paidforsurf.com'),(4480,'pakistanmail.com'),(4481,'pakistanoye.com'),(4482,'palestinemail.com'),(4483,'pancakemail.com'),(4484,'pandawa.com'),(4485,'pandora.be'),(4486,'paradiseemail.com'),(4487,'paris.com'),(4488,'parkjiyoon.com'),(4489,'parrot.com'),(4490,'parsmail.com'),(4491,'partlycloudy.com'),(4492,'partybombe.de'),(4493,'partyheld.de'),(4494,'partynight.at'),(4495,'parvazi.com'),(4496,'passwordmail.com'),(4497,'pathfindermail.com'),(4498,'patmail.com'),(4499,'patra.net'),(4500,'pconnections.net'),(4501,'pcpostal.com'),(4502,'pcsrock.com'),(4503,'pcusers.otherinbox.com'),(4504,'peachworld.com'),(4505,'pechkin.ru'),(4506,'pediatrician.com'),(4507,'pekklemail.com'),(4508,'pemail.net'),(4509,'penpen.com'),(4510,'peoplepc.com'),(4511,'peopleweb.com'),(4512,'pepbot.com'),(4513,'perfectmail.com'),(4514,'perovo.net'),(4515,'perso.be'),(4516,'personal.ro'),(4517,'personales.com'),(4518,'petlover.com'),(4519,'petml.com'),(4520,'petr.ru'),(4521,'pettypool.com'),(4522,'pezeshkpour.com'),(4523,'pfui.ru'),(4524,'phayze.com'),(4525,'phone.net'),(4526,'photo-impact.eu'),(4527,'photographer.net'),(4528,'phpbb.uu.gl'),(4529,'phreaker.net'),(4530,'phus8kajuspa.cu.cc'),(4531,'physicist.net'),(4532,'pianomail.com'),(4533,'pickupman.com'),(4534,'picusnet.com'),(4535,'piercedallover.com'),(4536,'pigeonportal.com'),(4537,'pigmail.net'),(4538,'pigpig.net'),(4539,'pilotemail.com'),(4540,'pimagop.com'),(4541,'pinoymail.com'),(4542,'piracha.net'),(4543,'pisem.net'),(4544,'pjjkp.com'),(4545,'planet-mail.com'),(4546,'planet.nl'),(4547,'planetaccess.com'),(4548,'planetall.com'),(4549,'planetarymotion.net'),(4550,'planetdirect.com'),(4551,'planetearthinter.net'),(4552,'planetmail.com'),(4553,'planetmail.net'),(4554,'planetout.com'),(4555,'plasa.com'),(4556,'playersodds.com'),(4557,'playful.com'),(4558,'playstation.sony.com'),(4559,'plexolan.de'),(4560,'pluno.com'),(4561,'plus.com'),(4562,'plus.google.com'),(4563,'plusmail.com.br'),(4564,'pmail.net'),(4565,'pobox.com'),(4566,'pobox.hu'),(4567,'pobox.ru'),(4568,'pobox.sk'),(4569,'pochta.by'),(4570,'pochta.ru'),(4571,'pochta.ws'),(4572,'pochtamt.ru'),(4573,'poczta.fm'),(4574,'poczta.onet.pl'),(4575,'poetic.com'),(4576,'pokemail.net'),(4577,'pokemonpost.com'),(4578,'pokepost.com'),(4579,'polandmail.com'),(4580,'polbox.com'),(4581,'policeoffice.com'),(4582,'politician.com'),(4583,'politikerclub.de'),(4584,'polizisten-duzer.de'),(4585,'polyfaust.com'),(4586,'poofy.org'),(4587,'poohfan.com'),(4588,'pookmail.com'),(4589,'pool-sharks.com'),(4590,'poond.com'),(4591,'pop3.ru'),(4592,'popaccount.com'),(4593,'popmail.com'),(4594,'popsmail.com'),(4595,'popstar.com'),(4596,'populus.net'),(4597,'portableoffice.com'),(4598,'portugalmail.com'),(4599,'portugalmail.pt'),(4600,'portugalnet.com'),(4601,'positive-thinking.com'),(4602,'post.com'),(4603,'post.cz'),(4604,'post.sk'),(4605,'posta.net'),(4606,'posta.ro'),(4607,'posta.rosativa.ro.org'),(4608,'postaccesslite.com'),(4609,'postafiok.hu'),(4610,'postafree.com'),(4611,'postaweb.com'),(4612,'poste.it'),(4613,'postfach.cc'),(4614,'postinbox.com'),(4615,'postino.ch'),(4616,'postino.it'),(4617,'postmark.net'),(4618,'postmaster.co.uk'),(4619,'postmaster.twitter.com'),(4620,'postpro.net'),(4621,'pousa.com'),(4622,'powerdivas.com'),(4623,'powerfan.com'),(4624,'pp.inet.fi'),(4625,'praize.com'),(4626,'pray247.com'),(4627,'predprinimatel.ru'),(4628,'premium-mail.fr'),(4629,'premiumproducts.com'),(4630,'premiumservice.com'),(4631,'prepodavatel.ru'),(4632,'presidency.com'),(4633,'presnya.net'),(4634,'press.co.jp'),(4635,'prettierthanher.com'),(4636,'priest.com'),(4637,'primposta.com'),(4638,'primposta.hu'),(4639,'printesamargareta.ro'),(4640,'privacy.net'),(4641,'privatdemail.net'),(4642,'privy-mail.com'),(4643,'privymail.de'),(4644,'pro.hu'),(4645,'probemail.com'),(4646,'prodigy.net'),(4647,'prodigy.net.mx'),(4648,'professor.ru'),(4649,'progetplus.it'),(4650,'programist.ru'),(4651,'programmer.net'),(4652,'programozo.hu'),(4653,'proinbox.com'),(4654,'project2k.com'),(4655,'prokuratura.ru'),(4656,'prolaunch.com'),(4657,'promessage.com'),(4658,'prontomail.com'),(4659,'prontomail.compopulus.net'),(4660,'protestant.com'),(4661,'proton.me'),(4662,'protonmail.ch'),(4663,'protonmail.com'),(4664,'proxymail.eu'),(4665,'prtnx.com'),(4666,'prydirect.info'),(4667,'psv-supporter.com'),(4668,'ptd.net'),(4669,'public-files.de'),(4670,'public.usa.com'),(4671,'publicist.com'),(4672,'pulp-fiction.com'),(4673,'punkass.com'),(4674,'puppy.com.my'),(4675,'purinmail.com'),(4676,'purpleturtle.com'),(4677,'put2.net'),(4678,'putthisinyourspamdatabase.com'),(4679,'pwrby.com'),(4680,'q.com'),(4681,'qatar.io'),(4682,'qatarmail.com'),(4683,'qdice.com'),(4684,'qip.ru'),(4685,'qmail.com'),(4686,'qprfans.com'),(4687,'qq.com'),(4688,'qq.com.cn'),(4689,'qrio.com'),(4690,'quackquack.com'),(4691,'quake.ru'),(4692,'quakemail.com'),(4693,'qualityservice.com'),(4694,'quantentunnel.de'),(4695,'qudsmail.com'),(4696,'quepasa.com'),(4697,'quickhosts.com'),(4698,'quickinbox.com'),(4699,'quickmail.nl'),(4700,'quickmail.ru'),(4701,'quicknet.nl'),(4702,'quickwebmail.com'),(4703,'quiklinks.com'),(4704,'quikmail.com'),(4705,'qv7.info'),(4706,'qwest.net'),(4707,'qwestoffice.net'),(4708,'r-o-o-t.com'),(4709,'r7.com'),(4710,'raakim.com'),(4711,'racedriver.com'),(4712,'racefanz.com'),(4713,'racingfan.com.au'),(4714,'racingmail.com'),(4715,'radicalz.com'),(4716,'radiku.ye.vc'),(4717,'radiologist.net'),(4718,'ragingbull.com'),(4719,'ralib.com'),(4720,'rambler.ru'),(4721,'ranmamail.com'),(4722,'rastogi.net'),(4723,'ratt-n-roll.com'),(4724,'rattle-snake.com'),(4725,'raubtierbaendiger.de'),(4726,'ravearena.com'),(4727,'ravefan.com'),(4728,'ravemail.co.za'),(4729,'ravemail.com'),(4730,'razormail.com'),(4731,'rccgmail.org'),(4732,'rcn.com'),(4733,'rcpt.at'),(4734,'realemail.net'),(4735,'realestatemail.net'),(4736,'reality-concept.club'),(4737,'reallyfast.biz'),(4738,'reallyfast.info'),(4739,'reallymymail.com'),(4740,'realradiomail.com'),(4741,'realtyagent.com'),(4742,'realtyalerts.ca'),(4743,'reborn.com'),(4744,'recode.me'),(4745,'reconmail.com'),(4746,'recursor.net'),(4747,'recycledmail.com'),(4748,'recycler.com'),(4749,'recyclermail.com'),(4750,'rediff.com'),(4751,'rediffmail.com'),(4752,'rediffmailpro.com'),(4753,'rednecks.com'),(4754,'redseven.de'),(4755,'redsfans.com'),(4756,'redwhitearmy.com'),(4757,'regbypass.com'),(4758,'reggaefan.com'),(4759,'reggafan.com'),(4760,'regiononline.com'),(4761,'registerednurses.com'),(4762,'regspaces.tk'),(4763,'reincarnate.com'),(4764,'relia.com'),(4765,'reliable-mail.com'),(4766,'religious.com'),(4767,'remail.ga'),(4768,'renren.com'),(4769,'repairman.com'),(4770,'reply.hu'),(4771,'reply.ticketmaster.com'),(4772,'represantive.com'),(4773,'representative.com'),(4774,'rescueteam.com'),(4775,'resgedvgfed.tk'),(4776,'resource.calendar.google.com'),(4777,'resumemail.com'),(4778,'retailfan.com'),(4779,'rexian.com'),(4780,'rezai.com'),(4781,'rhyta.com'),(4782,'richmondhill.com'),(4783,'rickymail.com'),(4784,'rin.ru'),(4785,'ring.by'),(4786,'riopreto.com.br'),(4787,'rklips.com'),(4788,'rmqkr.net'),(4789,'rn.com'),(4790,'ro.ru'),(4791,'roadrunner.com'),(4792,'roanokemail.com'),(4793,'rock.com'),(4794,'rocketmail.com'),(4795,'rocketship.com'),(4796,'rockfan.com'),(4797,'rodrun.com'),(4798,'rogers.com'),(4799,'rojname.com'),(4800,'rol.ro'),(4801,'rome.com'),(4802,'romymichele.com'),(4803,'roosh.com'),(4804,'rootprompt.org'),(4805,'rotfl.com'),(4806,'roughnet.com'),(4807,'royal.net'),(4808,'rpharmacist.com'),(4809,'rr.com'),(4810,'rrohio.com'),(4811,'rsub.com'),(4812,'rt.nl'),(4813,'rtrtr.com'),(4814,'ru.ru'),(4815,'rubyridge.com'),(4816,'runbox.com'),(4817,'rushpost.com'),(4818,'ruttolibero.com'),(4819,'rvshop.com'),(4820,'rxdoc.biz'),(4821,'s-mail.com'),(4822,'s0ny.net'),(4823,'sabreshockey.com'),(4824,'sacbeemail.com'),(4825,'saeuferleber.de'),(4826,'safarimail.com'),(4827,'safe-mail.net'),(4828,'safersignup.de'),(4829,'safetymail.info'),(4830,'safetypost.de'),(4831,'safrica.com'),(4832,'sagra.lu'),(4833,'sagra.lu.lu'),(4834,'sagra.lumarketing.lu'),(4835,'sags-per-mail.de'),(4836,'sailormoon.com'),(4837,'saint-mike.org'),(4838,'saintly.com'),(4839,'saintmail.net'),(4840,'sale-sale-sale.com'),(4841,'salehi.net'),(4842,'salesperson.net'),(4843,'samerica.com'),(4844,'samilan.net'),(4845,'samiznaetekogo.net'),(4846,'sammimail.com'),(4847,'sanchezsharks.com'),(4848,'sandelf.de'),(4849,'sanfranmail.com'),(4850,'sanook.com'),(4851,'sanriotown.com'),(4852,'santanmail.com'),(4853,'sapo.pt'),(4854,'sativa.ro.org'),(4855,'saturnfans.com'),(4856,'saturnperformance.com'),(4857,'saudia.com'),(4858,'savecougars.com'),(4859,'savelife.ml'),(4860,'saveowls.com'),(4861,'sayhi.net'),(4862,'saynotospams.com'),(4863,'sbcglbal.net'),(4864,'sbcglobal.com'),(4865,'sbcglobal.net'),(4866,'scandalmail.com'),(4867,'scanova.in'),(4868,'scanova.io'),(4869,'scarlet.nl'),(4870,'scfn.net'),(4871,'schafmail.de'),(4872,'schizo.com'),(4873,'schmusemail.de'),(4874,'schoolemail.com'),(4875,'schoolmail.com'),(4876,'schoolsucks.com'),(4877,'schreib-doch-mal-wieder.de'),(4878,'schrott-email.de'),(4879,'schweiz.org'),(4880,'sci.fi'),(4881,'science.com.au'),(4882,'scientist.com'),(4883,'scifianime.com'),(4884,'scotland.com'),(4885,'scotlandmail.com'),(4886,'scottishmail.co.uk'),(4887,'scottishtories.com'),(4888,'scottsboro.org'),(4889,'scrapbookscrapbook.com'),(4890,'scubadiving.com'),(4891,'seanet.com'),(4892,'search.ua'),(4893,'search417.com'),(4894,'searchwales.com'),(4895,'sebil.com'),(4896,'seckinmail.com'),(4897,'secret-police.com'),(4898,'secretarias.com'),(4899,'secretary.net'),(4900,'secretemail.de'),(4901,'secretservices.net'),(4902,'secure-mail.biz'),(4903,'secure-mail.cc'),(4904,'seductive.com'),(4905,'seekstoyboy.com'),(4906,'seguros.com.br'),(4907,'sekomaonline.com'),(4908,'selfdestructingmail.com'),(4909,'sellingspree.com'),(4910,'send.hu'),(4911,'sendmail.ru'),(4912,'sendme.cz'),(4913,'sendspamhere.com'),(4914,'senseless-entertainment.com'),(4915,'sent.as'),(4916,'sent.at'),(4917,'sent.com'),(4918,'sentrismail.com'),(4919,'serga.com.ar'),(4920,'servemymail.com'),(4921,'servermaps.net'),(4922,'services391.com'),(4923,'sesmail.com'),(4924,'sexmagnet.com'),(4925,'seznam.cz'),(4926,'sfr.fr'),(4927,'shahweb.net'),(4928,'shaniastuff.com'),(4929,'shared-files.de'),(4930,'sharedmailbox.org'),(4931,'sharewaredevelopers.com'),(4932,'sharklasers.com'),(4933,'sharmaweb.com'),(4934,'shaw.ca'),(4935,'she.com'),(4936,'shellov.net'),(4937,'shieldedmail.com'),(4938,'shieldemail.com'),(4939,'shiftmail.com'),(4940,'shinedyoureyes.com'),(4941,'shitaway.cf'),(4942,'shitaway.cu.cc'),(4943,'shitaway.ga'),(4944,'shitaway.gq'),(4945,'shitaway.ml'),(4946,'shitaway.tk'),(4947,'shitaway.usa.cc'),(4948,'shitmail.de'),(4949,'shitmail.me'),(4950,'shitmail.org'),(4951,'shitware.nl'),(4952,'shmeriously.com'),(4953,'shockinmytown.cu.cc'),(4954,'shootmail.com'),(4955,'shortmail.com'),(4956,'shortmail.net'),(4957,'shotgun.hu'),(4958,'showfans.com'),(4959,'showslow.de'),(4960,'shqiptar.eu'),(4961,'shuf.com'),(4962,'sialkotcity.com'),(4963,'sialkotian.com'),(4964,'sialkotoye.com'),(4965,'sibmail.com'),(4966,'sify.com'),(4967,'sigaret.net'),(4968,'silkroad.net'),(4969,'simbamail.fm'),(4970,'sina.cn'),(4971,'sina.com'),(4972,'sina.com.cn'),(4973,'sinamail.com'),(4974,'singapore.com'),(4975,'singles4jesus.com'),(4976,'singmail.com'),(4977,'singnet.com.sg'),(4978,'singpost.com'),(4979,'sinnlos-mail.de'),(4980,'sirindia.com'),(4981,'siteposter.net'),(4982,'skafan.com'),(4983,'skeefmail.com'),(4984,'skim.com'),(4985,'skizo.hu'),(4986,'skrx.tk'),(4987,'skunkbox.com'),(4988,'sky.com'),(4989,'skynet.be'),(4990,'slamdunkfan.com'),(4991,'slapsfromlastnight.com'),(4992,'slaskpost.se'),(4993,'slave-auctions.net'),(4994,'slickriffs.co.uk'),(4995,'slingshot.com'),(4996,'slippery.email'),(4997,'slipry.net'),(4998,'slo.net'),(4999,'slotter.com'),(5000,'sm.westchestergov.com'),(5001,'smap.4nmv.ru'),(5002,'smapxsmap.net'),(5003,'smashmail.de'),(5004,'smellfear.com'),(5005,'smellrear.com'),(5006,'smileyface.comsmithemail.net'),(5007,'sminkymail.com'),(5008,'smoothmail.com'),(5009,'sms.at'),(5010,'smtp.ru'),(5011,'snail-mail.net'),(5012,'snail-mail.ney'),(5013,'snakebite.com'),(5014,'snakemail.com'),(5015,'sndt.net'),(5016,'sneakemail.com'),(5017,'sneakmail.de'),(5018,'snet.net'),(5019,'sniper.hu'),(5020,'snkmail.com'),(5021,'snoopymail.com'),(5022,'snowboarding.com'),(5023,'snowdonia.net'),(5024,'so-simple.org'),(5025,'socamail.com'),(5026,'socceraccess.com'),(5027,'socceramerica.net'),(5028,'soccermail.com'),(5029,'soccermomz.com'),(5030,'social-mailer.tk'),(5031,'socialworker.net'),(5032,'sociologist.com'),(5033,'sofimail.com'),(5034,'sofort-mail.de'),(5035,'sofortmail.de'),(5036,'softhome.net'),(5037,'sogetthis.com'),(5038,'sogou.com'),(5039,'sohu.com'),(5040,'sokolniki.net'),(5041,'sol.dk'),(5042,'solar-impact.pro'),(5043,'solcon.nl'),(5044,'soldier.hu'),(5045,'solution4u.com'),(5046,'solvemail.info'),(5047,'songwriter.net'),(5048,'sonnenkinder.org'),(5049,'soodomail.com'),(5050,'soodonims.com'),(5051,'soon.com'),(5052,'soulfoodcookbook.com'),(5053,'soundofmusicfans.com'),(5054,'southparkmail.com'),(5055,'sovsem.net'),(5056,'sp.nl'),(5057,'space-bank.com'),(5058,'space-man.com'),(5059,'space-ship.com'),(5060,'space-travel.com'),(5061,'space.com'),(5062,'spaceart.com'),(5063,'spacebank.com'),(5064,'spacemart.com'),(5065,'spacetowns.com'),(5066,'spacewar.com'),(5067,'spainmail.com'),(5068,'spam.2012-2016.ru'),(5069,'spam4.me'),(5070,'spamail.de'),(5071,'spamarrest.com'),(5072,'spamavert.com'),(5073,'spambob.com'),(5074,'spambob.net'),(5075,'spambob.org'),(5076,'spambog.com'),(5077,'spambog.de'),(5078,'spambog.net'),(5079,'spambog.ru'),(5080,'spambooger.com'),(5081,'spambox.info'),(5082,'spambox.us'),(5083,'spamcannon.com'),(5084,'spamcannon.net'),(5085,'spamcero.com'),(5086,'spamcon.org'),(5087,'spamcorptastic.com'),(5088,'spamcowboy.com'),(5089,'spamcowboy.net'),(5090,'spamcowboy.org'),(5091,'spamday.com'),(5092,'spamdecoy.net'),(5093,'spameater.com'),(5094,'spameater.org'),(5095,'spamex.com'),(5096,'spamfree.eu'),(5097,'spamfree24.com'),(5098,'spamfree24.de'),(5099,'spamfree24.info'),(5100,'spamfree24.net'),(5101,'spamfree24.org'),(5102,'spamgoes.in'),(5103,'spamgourmet.com'),(5104,'spamgourmet.net'),(5105,'spamgourmet.org'),(5106,'spamherelots.com'),(5107,'spamhereplease.com'),(5108,'spamhole.com'),(5109,'spamify.com'),(5110,'spaminator.de'),(5111,'spamkill.info'),(5112,'spaml.com'),(5113,'spaml.de'),(5114,'spammotel.com'),(5115,'spamobox.com'),(5116,'spamoff.de'),(5117,'spamslicer.com'),(5118,'spamspot.com'),(5119,'spamstack.net'),(5120,'spamthis.co.uk'),(5121,'spamtroll.net'),(5122,'spankthedonkey.com'),(5123,'spartapiet.com'),(5124,'spazmail.com'),(5125,'speed.1s.fr'),(5126,'speedemail.net'),(5127,'speedpost.net'),(5128,'speedrules.com'),(5129,'speedrulz.com'),(5130,'speedy.com.ar'),(5131,'speedymail.org'),(5132,'sperke.net'),(5133,'spils.com'),(5134,'spinfinder.com'),(5135,'spiritseekers.com'),(5136,'spl.at'),(5137,'spoko.pl'),(5138,'spoofmail.de'),(5139,'sportemail.com'),(5140,'sportmail.ru'),(5141,'sportsmail.com'),(5142,'sporttruckdriver.com'),(5143,'spray.no'),(5144,'spray.se'),(5145,'spybox.de'),(5146,'spymac.com'),(5147,'sraka.xyz'),(5148,'srilankan.net'),(5149,'ssl-mail.com'),(5150,'st-davids.net'),(5151,'stade.fr'),(5152,'stalag13.com'),(5153,'standalone.net'),(5154,'starbuzz.com'),(5155,'stargateradio.com'),(5156,'starmail.com'),(5157,'starmail.org'),(5158,'starmedia.com'),(5159,'starplace.com'),(5160,'starspath.com'),(5161,'start.com.au'),(5162,'starting-point.com'),(5163,'startkeys.com'),(5164,'startrekmail.com'),(5165,'starwars-fans.com'),(5166,'stealthmail.com'),(5167,'stillchronic.com'),(5168,'stinkefinger.net'),(5169,'stipte.nl'),(5170,'stockracer.com'),(5171,'stockstorm.com'),(5172,'stoned.com'),(5173,'stones.com'),(5174,'stop-my-spam.pp.ua'),(5175,'stopdropandroll.com'),(5176,'storksite.com'),(5177,'streber24.de'),(5178,'streetwisemail.com'),(5179,'stribmail.com'),(5180,'strompost.com'),(5181,'strongguy.com'),(5182,'student.su'),(5183,'studentcenter.org'),(5184,'stuffmail.de'),(5185,'subnetwork.com'),(5186,'subram.com'),(5187,'sudanmail.net'),(5188,'sudolife.me'),(5189,'sudolife.net'),(5190,'sudomail.biz'),(5191,'sudomail.com'),(5192,'sudomail.net'),(5193,'sudoverse.com'),(5194,'sudoverse.net'),(5195,'sudoweb.net'),(5196,'sudoworld.com'),(5197,'sudoworld.net'),(5198,'sueddeutsche.de'),(5199,'suhabi.com'),(5200,'suisse.org'),(5201,'sukhumvit.net'),(5202,'sul.com.br'),(5203,'sunmail1.com'),(5204,'sunpoint.net'),(5205,'sunrise-sunset.com'),(5206,'sunsgame.com'),(5207,'sunumail.sn'),(5208,'suomi24.fi'),(5209,'super-auswahl.de'),(5210,'superdada.com'),(5211,'supereva.it'),(5212,'supergreatmail.com'),(5213,'supermail.ru'),(5214,'supermailer.jp'),(5215,'superman.ru'),(5216,'superposta.com'),(5217,'superrito.com'),(5218,'superstachel.de'),(5219,'surat.com'),(5220,'suremail.info'),(5221,'surf3.net'),(5222,'surfree.com'),(5223,'surfsupnet.net'),(5224,'surfy.net'),(5225,'surgical.net'),(5226,'surimail.com'),(5227,'survivormail.com'),(5228,'susi.ml'),(5229,'sviblovo.net'),(5230,'svk.jp'),(5231,'swbell.net'),(5232,'sweb.cz'),(5233,'swedenmail.com'),(5234,'sweetville.net'),(5235,'sweetxxx.de'),(5236,'swift-mail.com'),(5237,'swiftdesk.com'),(5238,'swingeasyhithard.com'),(5239,'swingfan.com'),(5240,'swipermail.zzn.com'),(5241,'swirve.com'),(5242,'swissinfo.org'),(5243,'swissmail.com'),(5244,'swissmail.net'),(5245,'switchboardmail.com'),(5246,'switzerland.org'),(5247,'sx172.com'),(5248,'sympatico.ca'),(5249,'syom.com'),(5250,'syriamail.com'),(5251,'t-online.de'),(5252,'t.psh.me'),(5253,'t2mail.com'),(5254,'tafmail.com'),(5255,'takoe.com'),(5256,'takoe.net'),(5257,'takuyakimura.com'),(5258,'talk21.com'),(5259,'talkcity.com'),(5260,'talkinator.com'),(5261,'talktalk.co.uk'),(5262,'tamb.ru'),(5263,'tamil.com'),(5264,'tampabay.rr.com'),(5265,'tangmonkey.com'),(5266,'tankpolice.com'),(5267,'taotaotano.com'),(5268,'tatanova.com'),(5269,'tattooedallover.com'),(5270,'tattoofanatic.com'),(5271,'tbwt.com'),(5272,'tcc.on.ca'),(5273,'tds.net'),(5274,'teacher.com'),(5275,'teachermail.net'),(5276,'teachers.org'),(5277,'teamdiscovery.com'),(5278,'teamtulsa.net'),(5279,'tech-center.com'),(5280,'tech4peace.org'),(5281,'techemail.com'),(5282,'techie.com'),(5283,'technisamail.co.za'),(5284,'technologist.com'),(5285,'technologyandstocks.com'),(5286,'techpointer.com'),(5287,'techscout.com'),(5288,'techseek.com'),(5289,'techsniper.com'),(5290,'techspot.com'),(5291,'teenagedirtbag.com'),(5292,'teewars.org'),(5293,'tele2.nl'),(5294,'telebot.com'),(5295,'telebot.net'),(5296,'telefonica.net'),(5297,'teleline.es'),(5298,'telenet.be'),(5299,'telepac.pt'),(5300,'telerymd.com'),(5301,'teleserve.dynip.com'),(5302,'teletu.it'),(5303,'teleworm.com'),(5304,'teleworm.us'),(5305,'telfort.nl'),(5306,'telfortglasvezel.nl'),(5307,'telinco.net'),(5308,'telkom.net'),(5309,'telpage.net'),(5310,'telstra.com'),(5311,'telstra.com.au'),(5312,'temp-mail.com'),(5313,'temp-mail.de'),(5314,'temp-mail.org'),(5315,'temp-mail.ru'),(5316,'temp.headstrong.de'),(5317,'tempail.com'),(5318,'tempe-mail.com'),(5319,'tempemail.biz'),(5320,'tempemail.co.za'),(5321,'tempemail.com'),(5322,'tempemail.net'),(5323,'tempinbox.co.uk'),(5324,'tempinbox.com'),(5325,'tempmail.eu'),(5326,'tempmail.it'),(5327,'tempmail.us'),(5328,'tempmail2.com'),(5329,'tempmaildemo.com'),(5330,'tempmailer.com'),(5331,'tempmailer.de'),(5332,'tempomail.fr'),(5333,'temporarioemail.com.br'),(5334,'temporaryemail.net'),(5335,'temporaryemail.us'),(5336,'temporaryforwarding.com'),(5337,'temporaryinbox.com'),(5338,'temporarymailaddress.com'),(5339,'tempthe.net'),(5340,'tempymail.com'),(5341,'temtulsa.net'),(5342,'tenchiclub.com'),(5343,'tenderkiss.com'),(5344,'tennismail.com'),(5345,'terminverpennt.de'),(5346,'terra.cl'),(5347,'terra.com'),(5348,'terra.com.ar'),(5349,'terra.com.br'),(5350,'terra.com.pe'),(5351,'terra.es'),(5352,'test.com'),(5353,'test.de'),(5354,'tfanus.com.er'),(5355,'tfbnw.net'),(5356,'tfz.net'),(5357,'tgasa.ru'),(5358,'tgma.ru'),(5359,'tgngu.ru'),(5360,'tgu.ru'),(5361,'thai.com'),(5362,'thaimail.com'),(5363,'thaimail.net'),(5364,'thanksnospam.info'),(5365,'thankyou2010.com'),(5366,'thc.st'),(5367,'the-african.com'),(5368,'the-airforce.com'),(5369,'the-aliens.com'),(5370,'the-american.com'),(5371,'the-animal.com'),(5372,'the-army.com'),(5373,'the-astronaut.com'),(5374,'the-beauty.com'),(5375,'the-big-apple.com'),(5376,'the-biker.com'),(5377,'the-boss.com'),(5378,'the-brazilian.com'),(5379,'the-canadian.com'),(5380,'the-canuck.com'),(5381,'the-captain.com'),(5382,'the-chinese.com'),(5383,'the-country.com'),(5384,'the-cowboy.com'),(5385,'the-davis-home.com'),(5386,'the-dutchman.com'),(5387,'the-eagles.com'),(5388,'the-englishman.com'),(5389,'the-fastest.net'),(5390,'the-fool.com'),(5391,'the-frenchman.com'),(5392,'the-galaxy.net'),(5393,'the-genius.com'),(5394,'the-gentleman.com'),(5395,'the-german.com'),(5396,'the-gremlin.com'),(5397,'the-hooligan.com'),(5398,'the-italian.com'),(5399,'the-japanese.com'),(5400,'the-lair.com'),(5401,'the-madman.com'),(5402,'the-mailinglist.com'),(5403,'the-marine.com'),(5404,'the-master.com'),(5405,'the-mexican.com'),(5406,'the-ministry.com'),(5407,'the-monkey.com'),(5408,'the-newsletter.net'),(5409,'the-pentagon.com'),(5410,'the-police.com'),(5411,'the-prayer.com'),(5412,'the-professional.com'),(5413,'the-quickest.com'),(5414,'the-russian.com'),(5415,'the-seasiders.com'),(5416,'the-snake.com'),(5417,'the-spaceman.com'),(5418,'the-stock-market.com'),(5419,'the-student.net'),(5420,'the-whitehouse.net'),(5421,'the-wild-west.com'),(5422,'the18th.com'),(5423,'thecoolguy.com'),(5424,'thecriminals.com'),(5425,'thedoghousemail.com'),(5426,'thedorm.com'),(5427,'theend.hu'),(5428,'theglobe.com'),(5429,'thegolfcourse.com'),(5430,'thegooner.com'),(5431,'theheadoffice.com'),(5432,'theinternetemail.com'),(5433,'thelanddownunder.com'),(5434,'thelimestones.com'),(5435,'themail.com'),(5436,'themillionare.net'),(5437,'theoffice.net'),(5438,'theplate.com'),(5439,'thepokerface.com'),(5440,'thepostmaster.net'),(5441,'theraces.com'),(5442,'theracetrack.com'),(5443,'therapist.net'),(5444,'thereisnogod.com'),(5445,'thesimpsonsfans.com'),(5446,'thestreetfighter.com'),(5447,'theteebox.com'),(5448,'thewatercooler.com'),(5449,'thewebpros.co.uk'),(5450,'thewizzard.com'),(5451,'thewizzkid.com'),(5452,'thexyz.ca'),(5453,'thexyz.cn'),(5454,'thexyz.com'),(5455,'thexyz.es'),(5456,'thexyz.fr'),(5457,'thexyz.in'),(5458,'thexyz.mobi'),(5459,'thexyz.net'),(5460,'thexyz.org'),(5461,'thezhangs.net'),(5462,'thirdage.com'),(5463,'thisgirl.com'),(5464,'thisisnotmyrealemail.com'),(5465,'thismail.net'),(5466,'thoic.com'),(5467,'thraml.com'),(5468,'thrott.com'),(5469,'throwam.com'),(5470,'throwawayemailaddress.com'),(5471,'thundermail.com'),(5472,'tibetemail.com'),(5473,'tidni.com'),(5474,'tilien.com'),(5475,'timein.net'),(5476,'timormail.com'),(5477,'tin.it'),(5478,'tipsandadvice.com'),(5479,'tiran.ru'),(5480,'tiscali.at'),(5481,'tiscali.be'),(5482,'tiscali.co.uk'),(5483,'tiscali.it'),(5484,'tiscali.lu'),(5485,'tiscali.se'),(5486,'tittbit.in'),(5487,'tizi.com'),(5488,'tkcity.com'),(5489,'tlcfan.com'),(5490,'tmail.ws'),(5491,'tmailinator.com'),(5492,'tmicha.net'),(5493,'tmmbt.com'),(5494,'tmmbt.net'),(5495,'tmmcv.net'),(5496,'tmmwj.com'),(5497,'tmmwj.net'),(5498,'toast.com'),(5499,'toke.com'),(5500,'tokyo.com'),(5501,'tom.cn'),(5502,'tom.com'),(5503,'tom.com.cn'),(5504,'toolsource.com'),(5505,'toomail.biz'),(5506,'toothfairy.com'),(5507,'topchat.com'),(5508,'topgamers.co.uk'),(5509,'topletter.com'),(5510,'topmail-files.de'),(5511,'topmail.com.ar'),(5512,'topranklist.de'),(5513,'topsurf.com'),(5514,'topteam.bg'),(5515,'toquedequeda.com'),(5516,'torba.com'),(5517,'torchmail.com'),(5518,'torontomail.com'),(5519,'tortenboxer.de'),(5520,'totalmail.com'),(5521,'totalmail.de'),(5522,'totalmusic.net'),(5523,'totalsurf.com'),(5524,'toughguy.net'),(5525,'townisp.com'),(5526,'tpg.com.au'),(5527,'tradermail.info'),(5528,'trainspottingfan.com'),(5529,'trash-amil.com'),(5530,'trash-mail.at'),(5531,'trash-mail.com'),(5532,'trash-mail.de'),(5533,'trash-mail.ga'),(5534,'trash-mail.ml'),(5535,'trash2009.com'),(5536,'trash2010.com'),(5537,'trash2011.com'),(5538,'trashdevil.com'),(5539,'trashdevil.de'),(5540,'trashemail.de'),(5541,'trashmail.at'),(5542,'trashmail.com'),(5543,'trashmail.de'),(5544,'trashmail.me'),(5545,'trashmail.net'),(5546,'trashmail.org'),(5547,'trashmailer.com'),(5548,'trashymail.com'),(5549,'trashymail.net'),(5550,'travel.li'),(5551,'trayna.com'),(5552,'trbvm.com'),(5553,'trbvn.com'),(5554,'trevas.net'),(5555,'trialbytrivia.com'),(5556,'trialmail.de'),(5557,'trickmail.net'),(5558,'trillianpro.com'),(5559,'trimix.cn'),(5560,'tritium.net'),(5561,'trjam.net'),(5562,'trmailbox.com'),(5563,'tropicalstorm.com'),(5564,'truckeremail.net'),(5565,'truckers.com'),(5566,'truckerz.com'),(5567,'truckracer.com'),(5568,'truckracers.com'),(5569,'trust-me.com'),(5570,'truth247.com'),(5571,'truthmail.com'),(5572,'tsamail.co.za'),(5573,'ttml.co.in'),(5574,'tulipsmail.net'),(5575,'tunisiamail.com'),(5576,'turboprinz.de'),(5577,'turboprinzessin.de'),(5578,'turkey.com'),(5579,'turual.com'),(5580,'tushino.net'),(5581,'tut.by'),(5582,'tuta.io'),(5583,'tutamail.com'),(5584,'tutanota.com'),(5585,'tutanota.de'),(5586,'tvcablenet.be'),(5587,'tverskie.net'),(5588,'tverskoe.net'),(5589,'tvnet.lv'),(5590,'tvstar.com'),(5591,'twc.com'),(5592,'twcny.com'),(5593,'twentylove.com'),(5594,'twinmail.de'),(5595,'twinstarsmail.com'),(5596,'tx.rr.com'),(5597,'tycoonmail.com'),(5598,'tyldd.com'),(5599,'typemail.com'),(5600,'tyt.by'),(5601,'u14269.ml'),(5602,'u2club.com'),(5603,'ua.fm'),(5604,'uae.ac'),(5605,'uaemail.com'),(5606,'ubbi.com'),(5607,'ubbi.com.br'),(5608,'uboot.com'),(5609,'uggsrock.com'),(5610,'uk2.net'),(5611,'uk2k.com'),(5612,'uk2net.com'),(5613,'uk7.net'),(5614,'uk8.net'),(5615,'ukbuilder.com'),(5616,'ukcool.com'),(5617,'ukdreamcast.com'),(5618,'ukmail.org'),(5619,'ukmax.com'),(5620,'ukr.net'),(5621,'ukrpost.net'),(5622,'ukrtop.com'),(5623,'uku.co.uk'),(5624,'ultapulta.com'),(5625,'ultimatelimos.com'),(5626,'ultrapostman.com'),(5627,'umail.net'),(5628,'ummah.org'),(5629,'umpire.com'),(5630,'unbounded.com'),(5631,'underwriters.com'),(5632,'unforgettable.com'),(5633,'uni.de'),(5634,'uni.de.de'),(5635,'uni.demailto.de'),(5636,'unican.es'),(5637,'unihome.com'),(5638,'universal.pt'),(5639,'uno.ee'),(5640,'uno.it'),(5641,'unofree.it'),(5642,'unomail.com'),(5643,'unterderbruecke.de'),(5644,'uogtritons.com'),(5645,'uol.com.ar'),(5646,'uol.com.br'),(5647,'uol.com.co'),(5648,'uol.com.mx'),(5649,'uol.com.ve'),(5650,'uole.com'),(5651,'uole.com.ve'),(5652,'uolmail.com'),(5653,'uomail.com'),(5654,'upc.nl'),(5655,'upcmail.nl'),(5656,'upf.org'),(5657,'upliftnow.com'),(5658,'uplipht.com'),(5659,'uraniomail.com'),(5660,'ureach.com'),(5661,'urgentmail.biz'),(5662,'uroid.com'),(5663,'us.af'),(5664,'usa.com'),(5665,'usa.net'),(5666,'usaaccess.net'),(5667,'usanetmail.com'),(5668,'used-product.fr'),(5669,'userbeam.com'),(5670,'usermail.com'),(5671,'username.e4ward.com'),(5672,'userzap.com'),(5673,'usma.net'),(5674,'usmc.net'),(5675,'uswestmail.net'),(5676,'uymail.com'),(5677,'uyuyuy.com'),(5678,'uzhe.net'),(5679,'v-sexi.com'),(5680,'v8email.com'),(5681,'vaasfc4.tk'),(5682,'vahoo.com'),(5683,'valemail.net'),(5684,'valudeal.net'),(5685,'vampirehunter.com'),(5686,'varbizmail.com'),(5687,'vcmail.com'),(5688,'velnet.co.uk'),(5689,'velnet.com'),(5690,'velocall.com'),(5691,'veloxmail.com.br'),(5692,'venompen.com'),(5693,'verizon.net'),(5694,'verizonmail.com'),(5695,'verlass-mich-nicht.de'),(5696,'versatel.nl'),(5697,'verticalheaven.com'),(5698,'veryfast.biz'),(5699,'veryrealemail.com'),(5700,'veryspeedy.net'),(5701,'vfemail.net'),(5702,'vickaentb.tk'),(5703,'videotron.ca'),(5704,'viditag.com'),(5705,'viewcastmedia.com'),(5706,'viewcastmedia.net'),(5707,'vinbazar.com'),(5708,'violinmakers.co.uk'),(5709,'vip.126.com'),(5710,'vip.21cn.com'),(5711,'vip.citiz.net'),(5712,'vip.gr'),(5713,'vip.onet.pl'),(5714,'vip.qq.com'),(5715,'vip.sina.com'),(5716,'vipmail.ru'),(5717,'viralplays.com'),(5718,'virgilio.it'),(5719,'virgin.net'),(5720,'virginbroadband.com.au'),(5721,'virginmedia.com'),(5722,'virtual-mail.com'),(5723,'virtualactive.com'),(5724,'virtualguam.com'),(5725,'virtualmail.com'),(5726,'visitmail.com'),(5727,'visitweb.com'),(5728,'visto.com'),(5729,'visualcities.com'),(5730,'vivavelocity.com'),(5731,'vivianhsu.net'),(5732,'viwanet.ru'),(5733,'vjmail.com'),(5734,'vjtimail.com'),(5735,'vkcode.ru'),(5736,'vlcity.ru'),(5737,'vlmail.com'),(5738,'vnet.citiz.net'),(5739,'vnn.vn'),(5740,'vnukovo.net'),(5741,'vodafone.nl'),(5742,'vodafonethuis.nl'),(5743,'voila.fr'),(5744,'volcanomail.com'),(5745,'vollbio.de'),(5746,'volloeko.de'),(5747,'vomoto.com'),(5748,'voo.be'),(5749,'vorsicht-bissig.de'),(5750,'vorsicht-scharf.de'),(5751,'vote-democrats.com'),(5752,'vote-hillary.com'),(5753,'vote-republicans.com'),(5754,'vote4gop.org'),(5755,'votenet.com'),(5756,'vovan.ru'),(5757,'vp.pl'),(5758,'vpn.st'),(5759,'vr9.com'),(5760,'vsimcard.com'),(5761,'vubby.com'),(5762,'vyhino.net'),(5763,'w3.to'),(5764,'wahoye.com'),(5765,'walala.org'),(5766,'wales2000.net'),(5767,'walkmail.net'),(5768,'walkmail.ru'),(5769,'walla.co.il'),(5770,'wam.co.za'),(5771,'wanaboo.com'),(5772,'wanadoo.co.uk'),(5773,'wanadoo.es'),(5774,'wanadoo.fr'),(5775,'wapda.com'),(5776,'war-im-urlaub.de'),(5777,'warmmail.com'),(5778,'warpmail.net'),(5779,'warrior.hu'),(5780,'wasteland.rfc822.org'),(5781,'watchmail.com'),(5782,'waumail.com'),(5783,'wazabi.club'),(5784,'wbdet.com'),(5785,'wearab.net'),(5786,'web-contact.info'),(5787,'web-emailbox.eu'),(5788,'web-ideal.fr'),(5789,'web-mail.com.ar'),(5790,'web-mail.pp.ua'),(5791,'web-police.com'),(5792,'web.de'),(5793,'webaddressbook.com'),(5794,'webadicta.org'),(5795,'webave.com'),(5796,'webbworks.com'),(5797,'webcammail.com'),(5798,'webcity.ca'),(5799,'webcontact-france.eu'),(5800,'webdream.com'),(5801,'webemail.me'),(5802,'webemaillist.com'),(5803,'webinbox.com'),(5804,'webindia123.com'),(5805,'webjump.com'),(5806,'webm4il.info'),(5807,'webmail.bellsouth.net'),(5808,'webmail.blue'),(5809,'webmail.co.yu'),(5810,'webmail.co.za'),(5811,'webmail.fish'),(5812,'webmail.hu'),(5813,'webmail.lawyer'),(5814,'webmail.ru'),(5815,'webmail.wiki'),(5816,'webmails.com'),(5817,'webmailv.com'),(5818,'webname.com'),(5819,'webprogramming.com'),(5820,'webskulker.com'),(5821,'webstation.com'),(5822,'websurfer.co.za'),(5823,'webtopmail.com'),(5824,'webtribe.net'),(5825,'webuser.in'),(5826,'wee.my'),(5827,'weedmail.com'),(5828,'weekmail.com'),(5829,'weekonline.com'),(5830,'wefjo.grn.cc'),(5831,'weg-werf-email.de'),(5832,'wegas.ru'),(5833,'wegwerf-emails.de'),(5834,'wegwerfadresse.de'),(5835,'wegwerfemail.com'),(5836,'wegwerfemail.de'),(5837,'wegwerfmail.de'),(5838,'wegwerfmail.info'),(5839,'wegwerfmail.net'),(5840,'wegwerfmail.org'),(5841,'wegwerpmailadres.nl'),(5842,'wehshee.com'),(5843,'weibsvolk.de'),(5844,'weibsvolk.org'),(5845,'weinenvorglueck.de'),(5846,'welsh-lady.com'),(5847,'wesleymail.com'),(5848,'westnet.com'),(5849,'westnet.com.au'),(5850,'wetrainbayarea.com'),(5851,'wfgdfhj.tk'),(5852,'wh4f.org'),(5853,'whale-mail.com'),(5854,'whartontx.com'),(5855,'whatiaas.com'),(5856,'whatpaas.com'),(5857,'wheelweb.com'),(5858,'whipmail.com'),(5859,'whoever.com'),(5860,'wholefitness.com'),(5861,'whoopymail.com'),(5862,'whtjddn.33mail.com'),(5863,'whyspam.me'),(5864,'wickedmail.com'),(5865,'wickmail.net'),(5866,'wideopenwest.com'),(5867,'wildmail.com'),(5868,'wilemail.com'),(5869,'will-hier-weg.de'),(5870,'willhackforfood.biz'),(5871,'willselfdestruct.com'),(5872,'windowslive.com'),(5873,'windrivers.net'),(5874,'windstream.com'),(5875,'windstream.net'),(5876,'winemaven.info'),(5877,'wingnutz.com'),(5878,'winmail.com.au'),(5879,'winning.com'),(5880,'winrz.com'),(5881,'wir-haben-nachwuchs.de'),(5882,'wir-sind-cool.org'),(5883,'wirsindcool.de'),(5884,'witty.com'),(5885,'wiz.cc'),(5886,'wkbwmail.com'),(5887,'wmail.cf'),(5888,'wo.com.cn'),(5889,'woh.rr.com'),(5890,'wolf-web.com'),(5891,'wolke7.net'),(5892,'wollan.info'),(5893,'wombles.com'),(5894,'women-at-work.org'),(5895,'women-only.net'),(5896,'wonder-net.com'),(5897,'wongfaye.com'),(5898,'wooow.it'),(5899,'work4teens.com'),(5900,'worker.com'),(5901,'workmail.co.za'),(5902,'workmail.com'),(5903,'worldbreak.com'),(5904,'worldemail.com'),(5905,'worldmailer.com'),(5906,'worldnet.att.net'),(5907,'wormseo.cn'),(5908,'wosaddict.com'),(5909,'wouldilie.com'),(5910,'wovz.cu.cc'),(5911,'wow.com'),(5912,'wowgirl.com'),(5913,'wowmail.com'),(5914,'wowway.com'),(5915,'wp.pl'),(5916,'wptamail.com'),(5917,'wrestlingpages.com'),(5918,'wrexham.net'),(5919,'writeme.com'),(5920,'writemeback.com'),(5921,'writeremail.com'),(5922,'wronghead.com'),(5923,'wrongmail.com'),(5924,'wtvhmail.com'),(5925,'wwdg.com'),(5926,'www.com'),(5927,'www.e4ward.com'),(5928,'www.mailinator.com'),(5929,'www2000.net'),(5930,'wwwnew.eu'),(5931,'wx88.net'),(5932,'wxs.net'),(5933,'wyrm.supernews.com'),(5934,'x-mail.net'),(5935,'x-networks.net'),(5936,'x.ip6.li'),(5937,'x5g.com'),(5938,'xagloo.com'),(5939,'xaker.ru'),(5940,'xd.ae'),(5941,'xemaps.com'),(5942,'xents.com'),(5943,'xing886.uu.gl'),(5944,'xmail.com'),(5945,'xmaily.com'),(5946,'xmastime.com'),(5947,'xmenfans.com'),(5948,'xms.nl'),(5949,'xmsg.com'),(5950,'xoom.com'),(5951,'xoommail.com'),(5952,'xoxox.cc'),(5953,'xoxy.net'),(5954,'xpectmore.com'),(5955,'xpressmail.zzn.com'),(5956,'xs4all.nl'),(5957,'xsecurity.org'),(5958,'xsmail.com'),(5959,'xtra.co.nz'),(5960,'xtram.com'),(5961,'xuno.com'),(5962,'xww.ro'),(5963,'xy9ce.tk'),(5964,'xyz.am'),(5965,'xyzfree.net'),(5966,'xzapmail.com'),(5967,'y7mail.com'),(5968,'ya.ru'),(5969,'yada-yada.com'),(5970,'yaho.com'),(5971,'yahoo.ae'),(5972,'yahoo.at'),(5973,'yahoo.be'),(5974,'yahoo.ca'),(5975,'yahoo.ch'),(5976,'yahoo.cn'),(5977,'yahoo.co'),(5978,'yahoo.co.id'),(5979,'yahoo.co.il'),(5980,'yahoo.co.in'),(5981,'yahoo.co.jp'),(5982,'yahoo.co.kr'),(5983,'yahoo.co.nz'),(5984,'yahoo.co.th'),(5985,'yahoo.co.uk'),(5986,'yahoo.co.za'),(5987,'yahoo.com'),(5988,'yahoo.com.ar'),(5989,'yahoo.com.au'),(5990,'yahoo.com.br'),(5991,'yahoo.com.cn'),(5992,'yahoo.com.co'),(5993,'yahoo.com.hk'),(5994,'yahoo.com.is'),(5995,'yahoo.com.mx'),(5996,'yahoo.com.my'),(5997,'yahoo.com.ph'),(5998,'yahoo.com.ru'),(5999,'yahoo.com.sg'),(6000,'yahoo.com.tr'),(6001,'yahoo.com.tw'),(6002,'yahoo.com.vn'),(6003,'yahoo.cz'),(6004,'yahoo.de'),(6005,'yahoo.dk'),(6006,'yahoo.es'),(6007,'yahoo.fi'),(6008,'yahoo.fr'),(6009,'yahoo.gr'),(6010,'yahoo.hu'),(6011,'yahoo.ie'),(6012,'yahoo.in'),(6013,'yahoo.it'),(6014,'yahoo.jp'),(6015,'yahoo.net'),(6016,'yahoo.nl'),(6017,'yahoo.no'),(6018,'yahoo.pl'),(6019,'yahoo.pt'),(6020,'yahoo.ro'),(6021,'yahoo.ru'),(6022,'yahoo.se'),(6023,'yahoofs.com'),(6024,'yahoomail.com'),(6025,'yalla.com'),(6026,'yalla.com.lb'),(6027,'yalook.com'),(6028,'yam.com'),(6029,'yandex.com'),(6030,'yandex.mail'),(6031,'yandex.pl'),(6032,'yandex.ru'),(6033,'yandex.ua'),(6034,'yapost.com'),(6035,'yapped.net'),(6036,'yawmail.com'),(6037,'yclub.com'),(6038,'yeah.net'),(6039,'yebox.com'),(6040,'yeehaa.com'),(6041,'yehaa.com'),(6042,'yehey.com'),(6043,'yemenmail.com'),(6044,'yep.it'),(6045,'yepmail.net'),(6046,'yert.ye.vc'),(6047,'yesbox.net'),(6048,'yesey.net'),(6049,'yeswebmaster.com'),(6050,'ygm.com'),(6051,'yifan.net'),(6052,'ymail.com'),(6053,'ynnmail.com'),(6054,'yogamaven.com'),(6055,'yogotemail.com'),(6056,'yomail.info'),(6057,'yopmail.com'),(6058,'yopmail.fr'),(6059,'yopmail.net'),(6060,'yopmail.org'),(6061,'yopmail.pp.ua'),(6062,'yopolis.com'),(6063,'yopweb.com'),(6064,'youareadork.com'),(6065,'youmailr.com'),(6066,'youpy.com'),(6067,'your-house.com'),(6068,'your-mail.com'),(6069,'yourdomain.com'),(6070,'yourinbox.com'),(6071,'yourlifesucks.cu.cc'),(6072,'yourlover.net'),(6073,'yournightmare.com'),(6074,'yours.com'),(6075,'yourssincerely.com'),(6076,'yourteacher.net'),(6077,'yourwap.com'),(6078,'youthfire.com'),(6079,'youthpost.com'),(6080,'youvegotmail.net'),(6081,'yuuhuu.net'),(6082,'yuurok.com'),(6083,'yyhmail.com'),(6084,'z1p.biz'),(6085,'z6.com'),(6086,'z9mail.com'),(6087,'za.com'),(6088,'zahadum.com'),(6089,'zaktouni.fr'),(6090,'zcities.com'),(6091,'zdnetmail.com'),(6092,'zdorovja.net'),(6093,'zeeks.com'),(6094,'zeepost.nl'),(6095,'zehnminuten.de'),(6096,'zehnminutenmail.de'),(6097,'zensearch.com'),(6098,'zensearch.net'),(6099,'zerocrime.org'),(6100,'zetmail.com'),(6101,'zhaowei.net'),(6102,'zhouemail.510520.org'),(6103,'ziggo.nl'),(6104,'zing.vn'),(6105,'zionweb.org'),(6106,'zip.net'),(6107,'zipido.com'),(6108,'ziplip.com'),(6109,'zipmail.com'),(6110,'zipmail.com.br'),(6111,'zipmax.com'),(6112,'zippymail.info'),(6113,'zmail.pt'),(6114,'zmail.ru'),(6115,'zoemail.com'),(6116,'zoemail.net'),(6117,'zoemail.org'),(6118,'zoho.com'),(6119,'zomg.info'),(6120,'zonai.com'),(6121,'zoneview.net'),(6122,'zonnet.nl'),(6123,'zooglemail.com'),(6124,'zoominternet.net'),(6125,'zubee.com'),(6126,'zuvio.com'),(6127,'zuzzurello.com'),(6128,'zvmail.com'),(6129,'zwallet.com'),(6130,'zweb.in'),(6131,'zxcv.com'),(6132,'zxcvbnm.com'),(6133,'zybermail.com'),(6134,'zydecofan.com'),(6135,'zzn.com'),(6136,'zzom.co.uk'),(6137,'zzz.com');
/*!40000 ALTER TABLE `validemail` ENABLE KEYS */;
UNLOCK TABLES;

--
-- Table structure for table `waterresistance`
--

DROP TABLE IF EXISTS `waterresistance`;
/*!40101 SET @saved_cs_client     = @@character_set_client */;
/*!50503 SET character_set_client = utf8mb4 */;
CREATE TABLE `waterresistance` (
  `id` int NOT NULL AUTO_INCREMENT,
  `resistance` int NOT NULL,
  PRIMARY KEY (`id`)
) ENGINE=InnoDB AUTO_INCREMENT=13 DEFAULT CHARSET=utf8mb4 COLLATE=utf8mb4_0900_ai_ci;
/*!40101 SET character_set_client = @saved_cs_client */;

--
-- Dumping data for table `waterresistance`
--

LOCK TABLES `waterresistance` WRITE;
/*!40000 ALTER TABLE `waterresistance` DISABLE KEYS */;
INSERT INTO `waterresistance` VALUES (1,30),(2,50),(3,60),(4,100),(5,120),(6,150),(7,200),(8,300),(9,500),(10,600),(11,1000),(12,2000);
/*!40000 ALTER TABLE `waterresistance` ENABLE KEYS */;
UNLOCK TABLES;

--
-- Final view structure for view `allbandwidthscount`
--

/*!50001 DROP VIEW IF EXISTS `allbandwidthscount`*/;
/*!50001 SET @saved_cs_client          = @@character_set_client */;
/*!50001 SET @saved_cs_results         = @@character_set_results */;
/*!50001 SET @saved_col_connection     = @@collation_connection */;
/*!50001 SET character_set_client      = utf8mb4 */;
/*!50001 SET character_set_results     = utf8mb4 */;
/*!50001 SET collation_connection      = utf8mb4_0900_ai_ci */;
/*!50001 CREATE ALGORITHM=UNDEFINED */
/*!50013 DEFINER=`root`@`localhost` SQL SECURITY DEFINER */
/*!50001 VIEW `allbandwidthscount` AS select `bw`.`bandWidth` AS `width`,count(0) AS `watch_count` from ((`brand` `b` left join `base` `w` on((`b`.`brandId` = `w`.`brandId`))) left join `bandwidth` `bw` on((`w`.`bandWidthId` = `bw`.`id`))) group by `bw`.`bandWidth` order by `bw`.`bandWidth` */;
/*!50001 SET character_set_client      = @saved_cs_client */;
/*!50001 SET character_set_results     = @saved_cs_results */;
/*!50001 SET collation_connection      = @saved_col_connection */;

--
-- Final view structure for view `allbrandscount`
--

/*!50001 DROP VIEW IF EXISTS `allbrandscount`*/;
/*!50001 SET @saved_cs_client          = @@character_set_client */;
/*!50001 SET @saved_cs_results         = @@character_set_results */;
/*!50001 SET @saved_col_connection     = @@collation_connection */;
/*!50001 SET character_set_client      = utf8mb4 */;
/*!50001 SET character_set_results     = utf8mb4 */;
/*!50001 SET collation_connection      = utf8mb4_0900_ai_ci */;
/*!50001 CREATE ALGORITHM=UNDEFINED */
/*!50013 DEFINER=`root`@`localhost` SQL SECURITY DEFINER */
/*!50001 VIEW `allbrandscount` AS select `b`.`brandId` AS `id`,`b`.`brand` AS `brand`,count(`b`.`brandId`) AS `watch_count` from (`brand` `b` left join `base` on((`b`.`brandId` = `base`.`brandId`))) group by `b`.`brandId`,`b`.`brand` order by `b`.`brand` */;
/*!50001 SET character_set_client      = @saved_cs_client */;
/*!50001 SET character_set_results     = @saved_cs_results */;
/*!50001 SET collation_connection      = @saved_col_connection */;

--
-- Final view structure for view `allbrandsview`
--

/*!50001 DROP VIEW IF EXISTS `allbrandsview`*/;
/*!50001 SET @saved_cs_client          = @@character_set_client */;
/*!50001 SET @saved_cs_results         = @@character_set_results */;
/*!50001 SET @saved_col_connection     = @@collation_connection */;
/*!50001 SET character_set_client      = utf8mb4 */;
/*!50001 SET character_set_results     = utf8mb4 */;
/*!50001 SET collation_connection      = utf8mb4_0900_ai_ci */;
/*!50001 CREATE ALGORITHM=UNDEFINED */
/*!50013 DEFINER=`root`@`localhost` SQL SECURITY DEFINER */
/*!50001 VIEW `allbrandsview` AS select distinct `brand`.`brand` AS `brand`,`brand`.`description` AS `description` from `brand` */;
/*!50001 SET character_set_client      = @saved_cs_client */;
/*!50001 SET character_set_results     = @saved_cs_results */;
/*!50001 SET collation_connection      = @saved_col_connection */;

--
-- Final view structure for view `allcasematerialcount`
--

/*!50001 DROP VIEW IF EXISTS `allcasematerialcount`*/;
/*!50001 SET @saved_cs_client          = @@character_set_client */;
/*!50001 SET @saved_cs_results         = @@character_set_results */;
/*!50001 SET @saved_col_connection     = @@collation_connection */;
/*!50001 SET character_set_client      = utf8mb4 */;
/*!50001 SET character_set_results     = utf8mb4 */;
/*!50001 SET collation_connection      = utf8mb4_0900_ai_ci */;
/*!50001 CREATE ALGORITHM=UNDEFINED */
/*!50013 DEFINER=`root`@`localhost` SQL SECURITY DEFINER */
/*!50001 VIEW `allcasematerialcount` AS select `cm`.`material` AS `material`,count(0) AS `watch_count` from ((`brand` `b` left join `base` `w` on((`b`.`brandId` = `w`.`brandId`))) left join `casematerial` `cm` on((`w`.`caseMaterialId` = `cm`.`id`))) group by `cm`.`material` order by `watch_count` desc */;
/*!50001 SET character_set_client      = @saved_cs_client */;
/*!50001 SET character_set_results     = @saved_cs_results */;
/*!50001 SET collation_connection      = @saved_col_connection */;

--
-- Final view structure for view `alldatescount`
--

/*!50001 DROP VIEW IF EXISTS `alldatescount`*/;
/*!50001 SET @saved_cs_client          = @@character_set_client */;
/*!50001 SET @saved_cs_results         = @@character_set_results */;
/*!50001 SET @saved_col_connection     = @@collation_connection */;
/*!50001 SET character_set_client      = utf8mb4 */;
/*!50001 SET character_set_results     = utf8mb4 */;
/*!50001 SET collation_connection      = utf8mb4_0900_ai_ci */;
/*!50001 CREATE ALGORITHM=UNDEFINED */
/*!50013 DEFINER=`root`@`localhost` SQL SECURITY DEFINER */
/*!50001 VIEW `alldatescount` AS select `d`.`date` AS `date`,count(0) AS `watch_count` from ((`brand` `b` left join `base` `w` on((`b`.`brandId` = `w`.`brandId`))) left join `date` `d` on((`w`.`dateId` = `d`.`id`))) group by `d`.`date` order by `d`.`date` desc */;
/*!50001 SET character_set_client      = @saved_cs_client */;
/*!50001 SET character_set_results     = @saved_cs_results */;
/*!50001 SET collation_connection      = @saved_col_connection */;

--
-- Final view structure for view `alldialcolorscount`
--

/*!50001 DROP VIEW IF EXISTS `alldialcolorscount`*/;
/*!50001 SET @saved_cs_client          = @@character_set_client */;
/*!50001 SET @saved_cs_results         = @@character_set_results */;
/*!50001 SET @saved_col_connection     = @@collation_connection */;
/*!50001 SET character_set_client      = utf8mb4 */;
/*!50001 SET character_set_results     = utf8mb4 */;
/*!50001 SET collation_connection      = utf8mb4_0900_ai_ci */;
/*!50001 CREATE ALGORITHM=UNDEFINED */
/*!50013 DEFINER=`root`@`localhost` SQL SECURITY DEFINER */
/*!50001 VIEW `alldialcolorscount` AS select `d`.`color` AS `color`,count(0) AS `watch_count` from ((`brand` `b` left join `base` `w` on((`b`.`brandId` = `w`.`brandId`))) left join `dialcolor` `d` on((`w`.`dialColorId` = `d`.`id`))) group by `d`.`color` order by `watch_count` desc */;
/*!50001 SET character_set_client      = @saved_cs_client */;
/*!50001 SET character_set_results     = @saved_cs_results */;
/*!50001 SET collation_connection      = @saved_col_connection */;

--
-- Final view structure for view `alldialmaterialcount`
--

/*!50001 DROP VIEW IF EXISTS `alldialmaterialcount`*/;
/*!50001 SET @saved_cs_client          = @@character_set_client */;
/*!50001 SET @saved_cs_results         = @@character_set_results */;
/*!50001 SET @saved_col_connection     = @@collation_connection */;
/*!50001 SET character_set_client      = utf8mb4 */;
/*!50001 SET character_set_results     = utf8mb4 */;
/*!50001 SET collation_connection      = utf8mb4_0900_ai_ci */;
/*!50001 CREATE ALGORITHM=UNDEFINED */
/*!50013 DEFINER=`root`@`localhost` SQL SECURITY DEFINER */
/*!50001 VIEW `alldialmaterialcount` AS select `d`.`material` AS `material`,count(0) AS `watch_count` from ((`brand` `b` left join `base` `w` on((`b`.`brandId` = `w`.`brandId`))) left join `dialmaterial` `d` on((`w`.`dialMaterialId` = `d`.`id`))) group by `d`.`material` order by `d`.`material` */;
/*!50001 SET character_set_client      = @saved_cs_client */;
/*!50001 SET character_set_results     = @saved_cs_results */;
/*!50001 SET collation_connection      = @saved_col_connection */;

--
-- Final view structure for view `allfavouriteview`
--

/*!50001 DROP VIEW IF EXISTS `allfavouriteview`*/;
/*!50001 SET @saved_cs_client          = @@character_set_client */;
/*!50001 SET @saved_cs_results         = @@character_set_results */;
/*!50001 SET @saved_col_connection     = @@collation_connection */;
/*!50001 SET character_set_client      = utf8mb4 */;
/*!50001 SET character_set_results     = utf8mb4 */;
/*!50001 SET collation_connection      = utf8mb4_0900_ai_ci */;
/*!50001 CREATE ALGORITHM=UNDEFINED */
/*!50013 DEFINER=`root`@`localhost` SQL SECURITY DEFINER */
/*!50001 VIEW `allfavouriteview` AS select `f`.`id` AS `id`,concat(`b`.`brand`,' ',`w`.`model`) AS `product`,`f`.`userIdFK` AS `userId` from (((`favourite` `f` join `base` `w` on((`f`.`productIdFK` = `w`.`id`))) join `brand` `b` on((`w`.`brandId` = `b`.`brandId`))) join `users` `u` on((`f`.`userIdFK` = `u`.`id`))) order by `f`.`id` */;
/*!50001 SET character_set_client      = @saved_cs_client */;
/*!50001 SET character_set_results     = @saved_cs_results */;
/*!50001 SET collation_connection      = @saved_col_connection */;

--
-- Final view structure for view `allmovementscount`
--

/*!50001 DROP VIEW IF EXISTS `allmovementscount`*/;
/*!50001 SET @saved_cs_client          = @@character_set_client */;
/*!50001 SET @saved_cs_results         = @@character_set_results */;
/*!50001 SET @saved_col_connection     = @@collation_connection */;
/*!50001 SET character_set_client      = utf8mb4 */;
/*!50001 SET character_set_results     = utf8mb4 */;
/*!50001 SET collation_connection      = utf8mb4_0900_ai_ci */;
/*!50001 CREATE ALGORITHM=UNDEFINED */
/*!50013 DEFINER=`root`@`localhost` SQL SECURITY DEFINER */
/*!50001 VIEW `allmovementscount` AS select `m`.`movement` AS `movement`,count(0) AS `watch_count` from ((`brand` `b` left join `base` `w` on((`b`.`brandId` = `w`.`brandId`))) left join `movement` `m` on((`w`.`movementId` = `m`.`id`))) group by `m`.`movement` order by `watch_count` desc */;
/*!50001 SET character_set_client      = @saved_cs_client */;
/*!50001 SET character_set_results     = @saved_cs_results */;
/*!50001 SET collation_connection      = @saved_col_connection */;

--
-- Final view structure for view `allorderconnbaseview`
--

/*!50001 DROP VIEW IF EXISTS `allorderconnbaseview`*/;
/*!50001 SET @saved_cs_client          = @@character_set_client */;
/*!50001 SET @saved_cs_results         = @@character_set_results */;
/*!50001 SET @saved_col_connection     = @@collation_connection */;
/*!50001 SET character_set_client      = utf8mb4 */;
/*!50001 SET character_set_results     = utf8mb4 */;
/*!50001 SET collation_connection      = utf8mb4_0900_ai_ci */;
/*!50001 CREATE ALGORITHM=UNDEFINED */
/*!50013 DEFINER=`root`@`localhost` SQL SECURITY DEFINER */
/*!50001 VIEW `allorderconnbaseview` AS select `ocb`.`orderId` AS `orderId`,concat(`b`.`brand`,' ',`w`.`model`) AS `product`,`ocb`.`quantity` AS `quantity` from (((`orderconnbase` `ocb` join `base` `w` on((`ocb`.`productId` = `w`.`id`))) join `brand` `b` on((`w`.`brandId` = `b`.`brandId`))) join `orders` `o` on((`ocb`.`orderId` = `o`.`id`))) order by `o`.`id` */;
/*!50001 SET character_set_client      = @saved_cs_client */;
/*!50001 SET character_set_results     = @saved_cs_results */;
/*!50001 SET collation_connection      = @saved_col_connection */;

--
-- Final view structure for view `allordersview`
--

/*!50001 DROP VIEW IF EXISTS `allordersview`*/;
/*!50001 SET @saved_cs_client          = @@character_set_client */;
/*!50001 SET @saved_cs_results         = @@character_set_results */;
/*!50001 SET @saved_col_connection     = @@collation_connection */;
/*!50001 SET character_set_client      = utf8mb4 */;
/*!50001 SET character_set_results     = utf8mb4 */;
/*!50001 SET collation_connection      = utf8mb4_0900_ai_ci */;
/*!50001 CREATE ALGORITHM=UNDEFINED */
/*!50013 DEFINER=`root`@`localhost` SQL SECURITY DEFINER */
/*!50001 VIEW `allordersview` AS select `o`.`id` AS `id`,`u`.`name` AS `user`,`o`.`userAddress` AS `address`,`o`.`orderDate` AS `orderDate`,`o`.`shippingDate` AS `shippingDate`,`o`.`status` AS `status`,`o`.`paymentId` AS `payment` from (`orders` `o` join `users` `u` on((`o`.`userId` = `u`.`id`))) order by `o`.`id` */;
/*!50001 SET character_set_client      = @saved_cs_client */;
/*!50001 SET character_set_results     = @saved_cs_results */;
/*!50001 SET collation_connection      = @saved_col_connection */;

--
-- Final view structure for view `allstrapmaterialcount`
--

/*!50001 DROP VIEW IF EXISTS `allstrapmaterialcount`*/;
/*!50001 SET @saved_cs_client          = @@character_set_client */;
/*!50001 SET @saved_cs_results         = @@character_set_results */;
/*!50001 SET @saved_col_connection     = @@collation_connection */;
/*!50001 SET character_set_client      = utf8mb4 */;
/*!50001 SET character_set_results     = utf8mb4 */;
/*!50001 SET collation_connection      = utf8mb4_0900_ai_ci */;
/*!50001 CREATE ALGORITHM=UNDEFINED */
/*!50013 DEFINER=`root`@`localhost` SQL SECURITY DEFINER */
/*!50001 VIEW `allstrapmaterialcount` AS select `sm`.`material` AS `material`,count(0) AS `watch_count` from ((`brand` `b` left join `base` `w` on((`b`.`brandId` = `w`.`brandId`))) left join `strapmaterial` `sm` on((`w`.`strapMaterialId` = `sm`.`id`))) group by `sm`.`material` order by `watch_count` desc */;
/*!50001 SET character_set_client      = @saved_cs_client */;
/*!50001 SET character_set_results     = @saved_cs_results */;
/*!50001 SET collation_connection      = @saved_col_connection */;

--
-- Final view structure for view `alltablesview`
--

/*!50001 DROP VIEW IF EXISTS `alltablesview`*/;
/*!50001 SET @saved_cs_client          = @@character_set_client */;
/*!50001 SET @saved_cs_results         = @@character_set_results */;
/*!50001 SET @saved_col_connection     = @@collation_connection */;
/*!50001 SET character_set_client      = utf8mb4 */;
/*!50001 SET character_set_results     = utf8mb4 */;
/*!50001 SET collation_connection      = utf8mb4_0900_ai_ci */;
/*!50001 CREATE ALGORITHM=UNDEFINED */
/*!50013 DEFINER=`root`@`localhost` SQL SECURITY DEFINER */
/*!50001 VIEW `alltablesview` AS select `w`.`id` AS `id`,concat(`b`.`brand`,' ',`w`.`model`) AS `watchName`,`b`.`brand` AS `brand`,`w`.`price` AS `price`,`dc`.`color` AS `dialColor`,`d`.`date` AS `date`,`w`.`box` AS `box`,`w`.`paper` AS `paper`,`cm`.`material` AS `caseMaterial`,`sm`.`material` AS `strapMaterial`,`m`.`movement` AS `movement`,`w`.`caseDiameter` AS `caseDiameter`,`w`.`caseThickness` AS `caseThickness`,`bw`.`bandWidth` AS `bandWidth`,`dm`.`material` AS `dialMaterial`,`wr`.`resistance` AS `resistance`,`w`.`quantity` AS `quantity`,`bd`.`description` AS `description` from ((((((((((`base` `w` join `brand` `b` on((`w`.`brandId` = `b`.`brandId`))) join `dialcolor` `dc` on((`w`.`dialColorId` = `dc`.`id`))) join `date` `d` on((`w`.`dateId` = `d`.`id`))) join `casematerial` `cm` on((`w`.`caseMaterialId` = `cm`.`id`))) join `strapmaterial` `sm` on((`w`.`strapMaterialId` = `sm`.`id`))) join `movement` `m` on((`w`.`movementId` = `m`.`id`))) join `bandwidth` `bw` on((`w`.`bandWidthId` = `bw`.`id`))) join `dialmaterial` `dm` on((`w`.`dialMaterialId` = `dm`.`id`))) join `waterresistance` `wr` on((`w`.`waterResistanceId` = `wr`.`id`))) join `brand` `bd` on((`w`.`brandId` = `bd`.`brandId`))) order by `w`.`id` */;
/*!50001 SET character_set_client      = @saved_cs_client */;
/*!50001 SET character_set_results     = @saved_cs_results */;
/*!50001 SET collation_connection      = @saved_col_connection */;

--
-- Final view structure for view `allusersview`
--

/*!50001 DROP VIEW IF EXISTS `allusersview`*/;
/*!50001 SET @saved_cs_client          = @@character_set_client */;
/*!50001 SET @saved_cs_results         = @@character_set_results */;
/*!50001 SET @saved_col_connection     = @@collation_connection */;
/*!50001 SET character_set_client      = utf8mb4 */;
/*!50001 SET character_set_results     = utf8mb4 */;
/*!50001 SET collation_connection      = utf8mb4_0900_ai_ci */;
/*!50001 CREATE ALGORITHM=UNDEFINED */
/*!50013 DEFINER=`root`@`localhost` SQL SECURITY DEFINER */
/*!50001 VIEW `allusersview` AS select `u`.`id` AS `id`,`u`.`name` AS `name`,`u`.`userEmail` AS `email`,`u`.`password` AS `password`,`u`.`userPhone` AS `phone`,`u`.`userVerification` AS `verification`,`u`.`userAddress` AS `address`,`r`.`roles` AS `role`,`u`.`newsletter` AS `newsletter` from (`users` `u` join `roles` `r` on((`u`.`role` = `r`.`id`))) order by `u`.`id` */;
/*!50001 SET character_set_client      = @saved_cs_client */;
/*!50001 SET character_set_results     = @saved_cs_results */;
/*!50001 SET collation_connection      = @saved_col_connection */;

--
-- Final view structure for view `allwaterresistancescount`
--

/*!50001 DROP VIEW IF EXISTS `allwaterresistancescount`*/;
/*!50001 SET @saved_cs_client          = @@character_set_client */;
/*!50001 SET @saved_cs_results         = @@character_set_results */;
/*!50001 SET @saved_col_connection     = @@collation_connection */;
/*!50001 SET character_set_client      = utf8mb4 */;
/*!50001 SET character_set_results     = utf8mb4 */;
/*!50001 SET collation_connection      = utf8mb4_0900_ai_ci */;
/*!50001 CREATE ALGORITHM=UNDEFINED */
/*!50013 DEFINER=`root`@`localhost` SQL SECURITY DEFINER */
/*!50001 VIEW `allwaterresistancescount` AS select `wr`.`resistance` AS `resistance`,count(0) AS `watch_count` from ((`brand` `b` left join `base` `w` on((`b`.`brandId` = `w`.`brandId`))) left join `waterresistance` `wr` on((`w`.`waterResistanceId` = `wr`.`id`))) group by `wr`.`resistance` order by `wr`.`resistance` */;
/*!50001 SET character_set_client      = @saved_cs_client */;
/*!50001 SET character_set_results     = @saved_cs_results */;
/*!50001 SET collation_connection      = @saved_col_connection */;
/*!40103 SET TIME_ZONE=@OLD_TIME_ZONE */;

/*!40101 SET SQL_MODE=@OLD_SQL_MODE */;
/*!40014 SET FOREIGN_KEY_CHECKS=@OLD_FOREIGN_KEY_CHECKS */;
/*!40014 SET UNIQUE_CHECKS=@OLD_UNIQUE_CHECKS */;
/*!40101 SET CHARACTER_SET_CLIENT=@OLD_CHARACTER_SET_CLIENT */;
/*!40101 SET CHARACTER_SET_RESULTS=@OLD_CHARACTER_SET_RESULTS */;
/*!40101 SET COLLATION_CONNECTION=@OLD_COLLATION_CONNECTION */;
/*!40111 SET SQL_NOTES=@OLD_SQL_NOTES */;

-- Dump completed on 2024-03-25 14:30:49
